Time,Theta,PeakType,AbsAmp
24.079396,0.33257522913444515,max,0.3418997728362725
24.080396,0.33257522913444515,min,0.3418997728362725
24.081396,0.33257522913444515,max,0.3418997728362725
24.082396,0.33257522913444515,min,0.3418997728362725
24.083396,0.33257522913444515,max,0.3418997728362725
24.08442,0.33257522913444515,min,0.3418997728362725
24.08542,0.33257522913444515,max,0.3418997728362725
24.08642,0.33257522913444515,min,0.3418997728362725
24.087421,0.33257522913444515,max,0.3418997728362725
24.088421,0.33257522913444515,min,0.3418997728362725
24.089421,0.33257522913444515,max,0.3418997728362725
24.091421,0.3310211356085918,min,0.34034567931041915
24.092421,0.3310211356085918,max,0.34034567931041915
24.093421,0.3310211356085918,min,0.34034567931041915
24.094421,0.3310211356085918,max,0.34034567931041915
24.095421,0.3310211356085918,min,0.34034567931041915
24.096421,0.3310211356085918,max,0.34034567931041915
24.098421,0.3294670420827385,min,0.33879158578456586
24.099421,0.3294670420827385,max,0.33879158578456586
24.100421,0.3294670420827385,min,0.33879158578456586
24.101421,0.3294670420827385,max,0.33879158578456586
24.102421,0.3294670420827385,min,0.33879158578456586
24.103421,0.3294670420827385,max,0.33879158578456586
24.105421,0.3279129660101777,min,0.33723750971200506
24.106421,0.3279129660101777,max,0.33723750971200506
24.107421,0.3279129660101777,min,0.33723750971200506
24.108421,0.3279129660101777,max,0.33723750971200506
24.109421,0.3279129660101777,min,0.33723750971200506
24.110421,0.3279129660101777,max,0.33723750971200506
24.111421,0.3279129660101777,min,0.33723750971200506
24.112421,0.3279129660101777,max,0.33723750971200506
24.114428,0.32635887248432444,min,0.3356834161861518
24.115428,0.32635887248432444,max,0.3356834161861518
24.116428,0.32635887248432444,min,0.3356834161861518
24.117428,0.32635887248432444,max,0.3356834161861518
24.118428,0.3248047789584711,min,0.33412932266029843
24.119429,0.3248047789584711,max,0.33412932266029843
24.121429,0.3232506854326178,min,0.33257522913444515
24.122429,0.3232506854326178,max,0.33257522913444515
24.123429,0.3232506854326178,min,0.33257522913444515
24.124429,0.3232506854326178,max,0.33257522913444515
24.125429,0.3232506854326178,min,0.33257522913444515
24.126429,0.3232506854326178,max,0.33257522913444515
24.127429,0.32169660936005695,min,0.3310211530618843
24.128429,0.32169660936005695,max,0.3310211530618843
24.129429,0.3201425158342037,min,0.32946705953603106
24.130429,0.3201425158342037,max,0.32946705953603106
24.132429,0.3185884223083504,min,0.3279129660101777
24.133429,0.3185884223083504,max,0.3279129660101777
24.135429,0.3170343287824971,min,0.32635887248432444
24.136429,0.3170343287824971,max,0.32635887248432444
24.138429,0.31548023525664376,min,0.3248047789584711
24.139429,0.31548023525664376,max,0.3248047789584711
24.140429,0.31392615918408295,min,0.3232507028859103
24.141429,0.31392615918408295,max,0.3232507028859103
24.143429,0.3108179721323764,min,0.3201425158342037
24.144429,0.3108179721323764,max,0.3201425158342037
24.145429,0.3108179721323764,min,0.3201425158342037
24.146429,0.3108179721323764,max,0.3201425158342037
24.147429,0.30926387860652305,min,0.3185884223083504
24.148429,0.30926387860652305,max,0.3185884223083504
24.149429,0.3077097850806697,min,0.31703432878249704
24.150429,0.3077097850806697,max,0.31703432878249704
24.152429,0.3046016154822556,min,0.31392615918408295
24.153429,0.3046016154822556,max,0.31392615918408295
24.154429,0.30304752195640233,min,0.31237206565822967
24.155429,0.30304752195640233,max,0.31237206565822967
24.156429,0.301493428430549,min,0.31081797213237633
24.157429,0.301493428430549,max,0.31081797213237633
24.160429,0.2968311653062816,min,0.30615570900810896
24.161429,0.2968311653062816,max,0.30615570900810896
24.163429,0.293722978254575,min,0.30304752195640233
24.164429,0.293722978254575,max,0.30304752195640233
24.165429,0.29216890218201413,min,0.30149344588384147
24.166429,0.29216890218201413,max,0.30149344588384147
24.167429,0.28906071513030757,min,0.2983852588321349
24.168429,0.28906071513030757,max,0.2983852588321349
24.170429,0.28595252807860094,min,0.2952770717804283
24.17143,0.28595252807860094,max,0.2952770717804283
24.17743,0.2766280018300661,min,0.2859525455318934
24.17843,0.2766280018300661,max,0.2859525455318934
24.18043,0.2719657212525062,min,0.2812902649543335
24.18143,0.2719657212525062,max,0.2812902649543335
24.203438,0.23622165742434262,min,0.24554620112616996
24.204438,0.23622165742434262,max,0.24554620112616996
24.214438,0.21601849394812714,min,0.22534303764995448
24.215438,0.21601849394812714,max,0.22534303764995448
24.225441,0.19426123694605835,min,0.20358578064788568
24.226441,0.19426123694605835,max,0.20358578064788568
24.235442,0.17405805601655033,min,0.18338259971837767
24.236442,0.17405805601655033,max,0.18338259971837767
24.248442,0.14608444236436083,min,0.15540898606618817
24.249442,0.14608444236436083,max,0.15540898606618817
24.255442,0.13054354201241275,min,0.1398680857142401
24.256442,0.13054354201241275,max,0.1398680857142401
24.263442,0.11189447206205058,min,0.12121901576387793
24.264442,0.11189447206205058,max,0.12121901576387793
24.266443,0.10567811541192985,min,0.1150026591137572
24.267457,0.10567811541192985,max,0.1150026591137572
24.274457,0.08858312153412848,min,0.09790766523595583
24.275457,0.08858312153412848,max,0.09790766523595583
24.288457,0.05594722730437903,min,0.06527177100620637
24.289457,0.05594722730437903,max,0.06527177100620637
24.301467,0.026419520126336207,min,0.03574406382816355
24.302467,0.026419520126336207,max,0.03574406382816355
24.333468,-0.04662270105584421,min,0.03729815735401686
24.334468,-0.04662270105584421,max,0.03729815735401686
24.358477,-0.09946175876180913,min,0.09013721505998178
24.359477,-0.09946175876180913,max,0.09013721505998178
24.364477,-0.11189447206205058,min,0.10256992836022323
24.365477,-0.11189447206205058,max,0.10256992836022323
24.374477,-0.13054354201241275,min,0.1212189983105854
24.375477,-0.13054354201241275,max,0.1212189983105854
24.383477,-0.14608444236436083,min,0.1367598986625335
24.384477,-0.14608444236436083,max,0.1367598986625335
24.385477,-0.14763853589021414,min,0.1383139921883868
24.386478,-0.14763853589021414,max,0.1383139921883868
24.388478,-0.15385489254033485,min,0.14453034883850752
24.389478,-0.15385489254033485,max,0.14453034883850752
24.390478,-0.15696307959204148,min,0.14763853589021414
24.391629,-0.15696307959204148,max,0.14763853589021414
24.395637,-0.1647335297680155,min,0.15540898606618817
24.396637,-0.1647335297680155,max,0.15540898606618817
24.397637,-0.16784169936642962,min,0.15851715566460228
24.398637,-0.16784169936642962,max,0.15851715566460228
24.399637,-0.17094988641813624,min,0.1616253427163089
24.400637,-0.17094988641813624,max,0.1616253427163089
24.404637,-0.17716624306825696,min,0.16784169936642962
24.405637,-0.17716624306825696,max,0.16784169936642962
24.409637,-0.184936693244231,min,0.17561214954240367
24.410637,-0.184936693244231,max,0.17561214954240367
24.414637,-0.1895989563684984,min,0.18027441266667107
24.415638,-0.1895989563684984,max,0.18027441266667107
24.418638,-0.19426123694605835,min,0.184936693244231
24.419638,-0.19426123694605835,max,0.184936693244231
24.422638,-0.19892350007032575,min,0.1895989563684984
24.423638,-0.19892350007032575,max,0.1895989563684984
24.424638,-0.20047759359617906,min,0.19115304989435172
24.425638,-0.20047759359617906,max,0.19115304989435172
24.426638,-0.20358576319459315,min,0.1942612194927658
24.427638,-0.20358576319459315,max,0.1942612194927658
24.429638,-0.2066939502462998,min,0.19736940654447246
24.430638,-0.2066939502462998,max,0.19736940654447246
24.43273,-0.2082480437721531,min,0.19892350007032578
24.43373,-0.2082480437721531,max,0.19892350007032578
24.437776,-0.21446440042227383,min,0.2051398567204465
24.438776,-0.21446440042227383,max,0.2051398567204465
24.439776,-0.21446440042227383,min,0.2051398567204465
24.440776,-0.21446440042227383,max,0.2051398567204465
24.442776,-0.21757258747398045,min,0.2082480437721531
24.443776,-0.21757258747398045,max,0.2082480437721531
24.444776,-0.21912666354654123,min,0.2098021198447139
24.445776,-0.21912666354654123,max,0.2098021198447139
24.447776,-0.22068075707239454,min,0.2113562133705672
24.448776,-0.22068075707239454,max,0.2113562133705672
24.450776,-0.22223485059824785,min,0.21291030689642051
24.451776,-0.22223485059824785,max,0.21291030689642051
24.452776,-0.22378894412410116,min,0.21446440042227383
24.453776,-0.22378894412410116,max,0.21446440042227383
24.455776,-0.22534303764995448,min,0.21601849394812714
24.456776,-0.22534303764995448,max,0.21601849394812714
24.458776,-0.22689711372251525,min,0.21757257002068792
24.459776,-0.22689711372251525,max,0.21757257002068792
24.461777,-0.2284512072483686,min,0.21912666354654126
24.462777,-0.2284512072483686,max,0.21912666354654126
24.463777,-0.2284512072483686,min,0.21912666354654126
24.464777,-0.2284512072483686,max,0.21912666354654126
24.465777,-0.2284512072483686,min,0.21912666354654126
24.466777,-0.2284512072483686,max,0.21912666354654126
24.467794,-0.2300053007742219,min,0.22068075707239457
24.468794,-0.2300053007742219,max,0.22068075707239457
24.469794,-0.2300053007742219,min,0.22068075707239457
24.470794,-0.2300053007742219,max,0.22068075707239457
24.471794,-0.2300053007742219,min,0.22068075707239457
24.472794,-0.2300053007742219,max,0.22068075707239457
24.474794,-0.23155939430007522,min,0.22223485059824788
24.475794,-0.23155939430007522,max,0.22223485059824788
24.476794,-0.23155939430007522,min,0.22223485059824788
24.477794,-0.23155939430007522,max,0.22223485059824788
24.478808,-0.23155939430007522,min,0.22223485059824788
24.479808,-0.23155939430007522,max,0.22223485059824788
24.480808,-0.23155939430007522,min,0.22223485059824788
24.481808,-0.23155939430007522,max,0.22223485059824788
24.482808,-0.23155939430007522,min,0.22223485059824788
24.483808,-0.23155939430007522,max,0.22223485059824788
24.484808,-0.23155939430007522,min,0.22223485059824788
24.485808,-0.23155939430007522,max,0.22223485059824788
24.486808,-0.23155939430007522,min,0.22223485059824788
24.487808,-0.23155939430007522,max,0.22223485059824788
24.488808,-0.23155939430007522,min,0.22223485059824788
24.489808,-0.23155939430007522,max,0.22223485059824788
24.490808,-0.23155939430007522,min,0.22223485059824788
24.491808,-0.23155939430007522,max,0.22223485059824788
24.492808,-0.23155939430007522,min,0.22223485059824788
24.493808,-0.2300053007742219,max,0.22068075707239457
24.494809,-0.2300053007742219,min,0.22068075707239457
24.495809,-0.2300053007742219,max,0.22068075707239457
24.496809,-0.2300053007742219,min,0.22068075707239457
24.497809,-0.2300053007742219,max,0.22068075707239457
24.498809,-0.2300053007742219,min,0.22068075707239457
24.500809,-0.2284512072483686,max,0.21912666354654126
24.501809,-0.2284512072483686,min,0.21912666354654126
24.502809,-0.2284512072483686,max,0.21912666354654126
24.503809,-0.2284512072483686,min,0.21912666354654126
24.504809,-0.2284512072483686,max,0.21912666354654126
24.505809,-0.2284512072483686,min,0.21912666354654126
24.506809,-0.22689711372251525,max,0.21757257002068792
24.507809,-0.22689711372251525,min,0.21757257002068792
24.509809,-0.22534303764995448,max,0.21601849394812714
24.510809,-0.22534303764995448,min,0.21601849394812714
24.512809,-0.22378894412410116,max,0.21446440042227383
24.51381,-0.22378894412410116,min,0.21446440042227383
24.51581,-0.22223485059824785,max,0.21291030689642051
24.51681,-0.22223485059824785,min,0.21291030689642051
24.51781,-0.22223485059824785,max,0.21291030689642051
24.51881,-0.22223485059824785,min,0.21291030689642051
24.51981,-0.22068075707239454,max,0.2113562133705672
24.52081,-0.22068075707239454,min,0.2113562133705672
24.52181,-0.21912666354654123,max,0.2098021198447139
24.52281,-0.21912666354654123,min,0.2098021198447139
24.52381,-0.21757258747398045,max,0.2082480437721531
24.52481,-0.21757258747398045,min,0.2082480437721531
24.52681,-0.21601849394812714,max,0.2066939502462998
24.52781,-0.21601849394812714,min,0.2066939502462998
24.52881,-0.21446440042227383,max,0.2051398567204465
24.52981,-0.21446440042227383,min,0.2051398567204465
24.53181,-0.21291030689642051,max,0.20358576319459318
24.53281,-0.21291030689642051,min,0.20358576319459318
24.53381,-0.2113562133705672,max,0.20203166966873987
24.53481,-0.2113562133705672,min,0.20203166966873987
24.53581,-0.20980213729800642,max,0.2004775935961791
24.53681,-0.20980213729800642,min,0.2004775935961791
24.53881,-0.2066939502462998,max,0.19736940654447246
24.53981,-0.2066939502462998,min,0.19736940654447246
24.54281,-0.20358576319459315,max,0.1942612194927658
24.54381,-0.20358576319459315,min,0.1942612194927658
24.545816,-0.20047759359617906,max,0.19115304989435172
24.546816,-0.20047759359617906,min,0.19115304989435172
24.549816,-0.19736940654447244,max,0.1880448628426451
24.550816,-0.19736940654447244,min,0.1880448628426451
24.552816,-0.19426123694605835,max,0.184936693244231
24.553816,-0.19426123694605835,min,0.184936693244231
24.558816,-0.1880448802959376,max,0.17872033659411027
24.559816,-0.1880448802959376,min,0.17872033659411027
24.560816,-0.18649078677008432,max,0.17716624306825698
24.561816,-0.18649078677008432,min,0.17716624306825698
24.565816,-0.18027443011996355,max,0.17094988641813622
24.566816,-0.18027443011996355,min,0.17094988641813622
24.568816,-0.17716624306825696,max,0.16784169936642962
24.569816,-0.17716624306825696,min,0.16784169936642962
24.570818,-0.17561214954240364,max,0.1662876058405763
24.571818,-0.17561214954240364,min,0.1662876058405763
24.572845,-0.17250397994398953,max,0.1631794362421622
24.573845,-0.17250397994398953,min,0.1631794362421622
24.578845,-0.1647335297680155,max,0.15540898606618817
24.579845,-0.1647335297680155,min,0.15540898606618817
24.580845,-0.16317943624216222,max,0.15385489254033488
24.581845,-0.16317943624216222,min,0.15385489254033488
24.583859,-0.1600712491904556,max,0.15074670548862826
24.584859,-0.1600712491904556,min,0.15074670548862826
24.586859,-0.1554089860661882,max,0.14608444236436086
24.587859,-0.1554089860661882,min,0.14608444236436086
24.588859,-0.15385489254033485,max,0.14453034883850752
24.589859,-0.15385489254033485,min,0.14453034883850752
24.597859,-0.1414221792400934,max,0.13209763553826606
24.598859,-0.1414221792400934,min,0.13209763553826606
24.606916,-0.12898946593985194,max,0.11966492223802459
24.607916,-0.12898946593985194,min,0.11966492223802459
24.619916,-0.11034037853619727,max,0.10101583483436992
24.620916,-0.11034037853619727,min,0.10101583483436992
24.623916,-0.10412402188607656,max,0.0947994781842492
24.624916,-0.10412402188607656,min,0.0947994781842492
24.625916,-0.10101583483436992,max,0.09169129113254257
24.626916,-0.10101583483436992,min,0.09169129113254257
24.627916,-0.09790766523595582,max,0.08858312153412846
24.628916,-0.09790766523595582,min,0.08858312153412846
24.629916,-0.0947994781842492,max,0.08547493448242185
24.630916,-0.0947994781842492,min,0.08547493448242185
24.632916,-0.09013721505998178,max,0.08081267135815443
24.633916,-0.09013721505998178,min,0.08081267135815443
24.662955,-0.04506860752999089,max,0.035744063828163544
24.663955,-0.04506860752999089,min,0.035744063828163544
24.669955,-0.03418997030231024,max,0.024865426600482896
24.670955,-0.03418997030231024,min,0.024865426600482896
24.674955,-0.026419520126336207,max,0.017094976424508863
24.675955,-0.026419520126336207,min,0.017094976424508863
24.676955,-0.023311350527922103,max,0.013986806826094758
24.677955,-0.023311350527922103,min,0.013986806826094758
24.688991,-0.006216356650120724,max,0.0031081870517066217
24.689991,-0.006216356650120724,min,0.0031081870517066217
24.691991,-0.0015540935258533109,max,0.007770450175974035
24.692991,-0.0015540935258533109,min,0.007770450175974035
24.703991,0.01554090035194807,max,0.024865444053775415
24.704991,0.01554090035194807,min,0.024865444053775415
24.711039,0.024865444053775415,max,0.03418998775560276
24.71204,0.024865444053775415,min,0.03418998775560276
24.71804,0.03418997030231024,max,0.04351451400413758
24.71904,0.03418997030231024,min,0.04351451400413758
24.723057,0.040406344405723486,max,0.04973088810755083
24.724057,0.040406344405723486,min,0.04973088810755083
24.726057,0.04351451400413758,max,0.05283905770596493
24.727057,0.04351451400413758,min,0.05283905770596493
24.729057,0.04662270105584421,max,0.05594724475767155
24.730057,0.04662270105584421,min,0.05594724475767155
24.732057,0.05128496418011162,max,0.060609507881938966
24.733057,0.05128496418011162,min,0.060609507881938966
24.735057,0.05439315123181824,max,0.06371769493364558
24.736057,0.05439315123181824,min,0.06371769493364558
24.738057,0.057501320830232336,max,0.06682586453205969
24.739057,0.057501320830232336,min,0.06682586453205969
24.740057,0.059055414356085655,max,0.068379958057913
24.741057,0.059055414356085655,min,0.068379958057913
24.745057,0.06527177100620637,max,0.07459631470803373
24.746057,0.06527177100620637,min,0.07459631470803373
24.750057,0.06993405158376631,max,0.07925859528559366
24.751057,0.06993405158376631,min,0.07925859528559366
24.752057,0.0714881276563271,max,0.08081267135815445
24.753057,0.0714881276563271,min,0.08081267135815445
24.756057,0.07615040823388702,max,0.08547495193571437
24.757057,0.07615040823388702,min,0.08547495193571437
24.760057,0.07925857783230114,max,0.08858312153412849
24.761057,0.07925857783230114,min,0.08858312153412849
24.762057,0.08081267135815445,max,0.0901372150599818
24.763057,0.08081267135815445,min,0.0901372150599818
24.765057,0.08392085840986106,max,0.09324540211168841
24.766057,0.08392085840986106,min,0.09324540211168841
24.768057,0.08702902800827517,max,0.09635357171010252
24.769057,0.08702902800827517,min,0.09635357171010252
24.770057,0.08858312153412848,max,0.09790766523595583
24.771066,0.08858312153412848,min,0.09790766523595583
24.773066,0.09013721505998178,max,0.09946175876180913
24.774066,0.09013721505998178,min,0.09946175876180913
24.775066,0.0916913085858351,max,0.10101585228766245
24.776066,0.0916913085858351,min,0.10101585228766245
24.777066,0.0932453846583959,max,0.10256992836022324
24.778066,0.0932453846583959,min,0.10256992836022324
24.779066,0.0947994781842492,max,0.10412402188607656
24.780066,0.0947994781842492,min,0.10412402188607656
24.781066,0.09635357171010252,max,0.10567811541192987
24.782066,0.09635357171010252,min,0.10567811541192987
24.783066,0.09790766523595582,max,0.10723220893778317
24.784066,0.09790766523595582,min,0.10723220893778317
24.785066,0.09946175876180913,max,0.10878630246363648
24.786153,0.09946175876180913,min,0.10878630246363648
24.788153,0.10101583483436992,max,0.11034037853619727
24.789153,0.10101583483436992,min,0.11034037853619727
24.790153,0.10256992836022324,max,0.1118944720620506
24.791153,0.10256992836022324,min,0.1118944720620506
24.793153,0.10412402188607656,max,0.11344856558790391
24.794153,0.10412402188607656,min,0.11344856558790391
24.796153,0.10567811541192985,max,0.1150026591137572
24.797153,0.10567811541192985,min,0.1150026591137572
24.798153,0.10723220893778317,max,0.11655675263961052
24.799153,0.10723220893778317,min,0.11655675263961052
24.801153,0.10878628501034396,max,0.11811082871217131
24.802153,0.10878628501034396,min,0.11811082871217131
24.804153,0.11034037853619727,max,0.11966492223802462
24.805153,0.11034037853619727,min,0.11966492223802462
24.806153,0.11034037853619727,max,0.11966492223802462
24.807153,0.11034037853619727,min,0.11966492223802462
24.808154,0.11189447206205058,max,0.12121901576387793
24.809154,0.11189447206205058,min,0.12121901576387793
24.810154,0.11189447206205058,max,0.12121901576387793
24.811154,0.11189447206205058,min,0.12121901576387793
24.813154,0.11344856558790388,max,0.12277310928973123
24.814154,0.11344856558790388,min,0.12277310928973123
24.815154,0.11500264166046467,max,0.12432718536229202
24.816154,0.11500264166046467,min,0.12432718536229202
24.817154,0.11500264166046467,max,0.12432718536229202
24.818154,0.11500264166046467,min,0.12432718536229202
24.819154,0.11500264166046467,max,0.12432718536229202
24.820154,0.11500264166046467,min,0.12432718536229202
24.821154,0.11500264166046467,max,0.12432718536229202
24.822154,0.11500264166046467,min,0.12432718536229202
24.823154,0.116556735186318,max,0.12588127888814535
24.824154,0.116556735186318,min,0.12588127888814535
24.825154,0.116556735186318,max,0.12588127888814535
24.826154,0.116556735186318,min,0.12588127888814535
24.827154,0.116556735186318,max,0.12588127888814535
24.828154,0.116556735186318,min,0.12588127888814535
24.829154,0.116556735186318,max,0.12588127888814535
24.830154,0.116556735186318,min,0.12588127888814535
24.831154,0.11811082871217131,max,0.12743537241399866
24.832154,0.11811082871217131,min,0.12743537241399866
24.833154,0.11811082871217131,max,0.12743537241399866
24.834154,0.11811082871217131,min,0.12743537241399866
24.835154,0.11811082871217131,max,0.12743537241399866
24.836154,0.11811082871217131,min,0.12743537241399866
24.837155,0.11811082871217131,max,0.12743537241399866
24.838155,0.11811082871217131,min,0.12743537241399866
24.839155,0.11811082871217131,max,0.12743537241399866
24.840155,0.11811082871217131,min,0.12743537241399866
24.841155,0.11811082871217131,max,0.12743537241399866
24.842155,0.11811082871217131,min,0.12743537241399866
24.843155,0.11811082871217131,max,0.12743537241399866
24.844155,0.11811082871217131,min,0.12743537241399866
24.845155,0.11811082871217131,max,0.12743537241399866
24.846155,0.11811082871217131,min,0.12743537241399866
24.847155,0.11811082871217131,max,0.12743537241399866
24.848155,0.11811082871217131,min,0.12743537241399866
24.849155,0.11811082871217131,max,0.12743537241399866
24.850155,0.11811082871217131,min,0.12743537241399866
24.851155,0.11811082871217131,max,0.12743537241399866
24.852155,0.11811082871217131,min,0.12743537241399866
24.853155,0.11811082871217131,max,0.12743537241399866
24.854155,0.11811082871217131,min,0.12743537241399866
24.855155,0.11811082871217131,max,0.12743537241399866
24.857155,0.116556735186318,min,0.12588127888814535
24.858155,0.116556735186318,max,0.12588127888814535
24.859155,0.116556735186318,min,0.12588127888814535
24.860155,0.116556735186318,max,0.12588127888814535
24.861155,0.116556735186318,min,0.12588127888814535
24.862155,0.116556735186318,max,0.12588127888814535
24.863155,0.116556735186318,min,0.12588127888814535
24.864155,0.116556735186318,max,0.12588127888814535
24.865155,0.11500264166046467,min,0.12432718536229202
24.866155,0.11500264166046467,max,0.12432718536229202
24.867155,0.11500264166046467,min,0.12432718536229202
24.868155,0.11500264166046467,max,0.12432718536229202
24.869155,0.11500264166046467,min,0.12432718536229202
24.870155,0.11500264166046467,max,0.12432718536229202
24.872155,0.11344856558790388,min,0.12277310928973123
24.873155,0.11344856558790388,max,0.12277310928973123
24.874155,0.11344856558790388,min,0.12277310928973123
24.875155,0.11344856558790388,max,0.12277310928973123
24.877156,0.11189447206205058,min,0.12121901576387793
24.878156,0.11189447206205058,max,0.12121901576387793
24.879156,0.11189447206205058,min,0.12121901576387793
24.880156,0.11189447206205058,max,0.12121901576387793
24.881156,0.11034037853619727,min,0.11966492223802462
24.882156,0.11034037853619727,max,0.11966492223802462
24.883156,0.11034037853619727,min,0.11966492223802462
24.884156,0.11034037853619727,max,0.11966492223802462
24.886156,0.10878628501034396,min,0.11811082871217131
24.887156,0.10878628501034396,max,0.11811082871217131
24.888156,0.10878628501034396,min,0.11811082871217131
24.889156,0.10878628501034396,max,0.11811082871217131
24.891156,0.10723220893778317,min,0.11655675263961052
24.892156,0.10723220893778317,max,0.11655675263961052
24.893156,0.10723220893778317,min,0.11655675263961052
24.894156,0.10723220893778317,max,0.11655675263961052
24.897156,0.10412402188607656,min,0.11344856558790391
24.898156,0.10412402188607656,max,0.11344856558790391
24.899156,0.10412402188607656,min,0.11344856558790391
24.900156,0.10412402188607656,max,0.11344856558790391
24.902156,0.10256992836022324,min,0.1118944720620506
24.903156,0.10256992836022324,max,0.1118944720620506
24.905156,0.10101583483436992,min,0.11034037853619727
24.906156,0.10101583483436992,max,0.11034037853619727
24.907156,0.09946175876180913,min,0.10878630246363648
24.908156,0.09946175876180913,max,0.10878630246363648
24.910156,0.09790766523595582,min,0.10723220893778317
24.911156,0.09790766523595582,max,0.10723220893778317
24.912156,0.09790766523595582,min,0.10723220893778317
24.913156,0.09790766523595582,max,0.10723220893778317
24.914156,0.09635357171010252,min,0.10567811541192987
24.915176,0.09635357171010252,max,0.10567811541192987
24.916176,0.0947994781842492,min,0.10412402188607656
24.917176,0.0947994781842492,max,0.10412402188607656
24.919176,0.0932453846583959,min,0.10256992836022324
24.920176,0.0932453846583959,max,0.10256992836022324
24.921176,0.0916913085858351,min,0.10101585228766245
24.922176,0.0916913085858351,max,0.10101585228766245
24.924176,0.09013721505998178,min,0.09946175876180913
24.925176,0.09013721505998178,max,0.09946175876180913
24.927176,0.08858312153412848,min,0.09790766523595583
24.928176,0.08858312153412848,max,0.09790766523595583
24.929176,0.08702902800827517,min,0.09635357171010252
24.930176,0.08702902800827517,max,0.09635357171010252
24.933176,0.08392085840986106,min,0.09324540211168841
24.934176,0.08392085840986106,max,0.09324540211168841
24.936176,0.08236676488400775,min,0.0916913085858351
24.937176,0.08236676488400775,max,0.0916913085858351
24.939176,0.08081267135815445,min,0.0901372150599818
24.940177,0.08081267135815445,max,0.0901372150599818
24.941177,0.07925857783230114,min,0.08858312153412849
24.942177,0.07925857783230114,max,0.08858312153412849
24.944177,0.07615040823388702,min,0.08547495193571437
24.945177,0.07615040823388702,max,0.08547495193571437
24.947177,0.07459631470803371,min,0.08392085840986106
24.948177,0.07459631470803371,max,0.08392085840986106
24.950177,0.07304222118218041,min,0.08236676488400776
24.951177,0.07304222118218041,max,0.08236676488400776
24.952177,0.0714881276563271,min,0.08081267135815445
24.953177,0.0714881276563271,max,0.08081267135815445
24.955177,0.068379958057913,min,0.07770450175974035
24.956177,0.068379958057913,max,0.07770450175974035
24.957177,0.06682586453205969,min,0.07615040823388704
24.958177,0.06682586453205969,max,0.07615040823388704
24.959177,0.06527177100620637,min,0.07459631470803373
24.960177,0.06527177100620637,max,0.07459631470803373
24.962177,0.06371767748035306,min,0.07304222118218041
24.963177,0.06371767748035306,max,0.07304222118218041
24.964177,0.06216360140779228,min,0.07148814510961962
24.965177,0.06216360140779228,max,0.07148814510961962
24.967177,0.059055414356085655,min,0.068379958057913
24.968177,0.059055414356085655,max,0.068379958057913
24.971177,0.05594722730437903,min,0.06527177100620637
24.972177,0.05594722730437903,max,0.06527177100620637
24.973177,0.05439315123181824,min,0.06371769493364558
24.974177,0.05439315123181824,max,0.06371769493364558
24.976177,0.05283905770596493,min,0.06216360140779227
24.977177,0.05283905770596493,max,0.06216360140779227
24.979177,0.049730870654258304,min,0.05905541435608565
24.980177,0.049730870654258304,max,0.05905541435608565
24.983177,0.04662270105584421,min,0.05594724475767155
24.984177,0.04662270105584421,max,0.05594724475767155
24.985177,0.04506860752999089,min,0.05439315123181823
24.986177,0.04506860752999089,max,0.05439315123181823
24.987177,0.04351451400413758,min,0.05283905770596493
24.988177,0.04351451400413758,max,0.05283905770596493
24.990177,0.040406344405723486,min,0.04973088810755083
24.991177,0.040406344405723486,max,0.04973088810755083
24.993178,0.038852250879870175,min,0.04817679458169752
24.994178,0.038852250879870175,max,0.04817679458169752
24.996178,0.03574406382816355,min,0.045068607529990895
24.997178,0.03574406382816355,max,0.045068607529990895
24.998178,0.03418997030231024,min,0.04351451400413758
24.999178,0.03418997030231024,max,0.04351451400413758
25.000178,0.03263589422974945,min,0.04196043793157679
25.001178,0.03263589422974945,max,0.04196043793157679
25.002178,0.03108180070389614,min,0.040406344405723486
25.003178,0.03108180070389614,max,0.040406344405723486
25.004178,0.029527707178042827,min,0.038852250879870175
25.005178,0.029527707178042827,max,0.038852250879870175
25.006178,0.027973613652189516,min,0.03729815735401686
25.007178,0.027973613652189516,max,0.03729815735401686
25.008178,0.026419520126336207,min,0.03574406382816355
25.009178,0.026419520126336207,max,0.03574406382816355
25.011178,0.023311350527922103,min,0.03263589422974945
25.012178,0.023311350527922103,max,0.03263589422974945
25.015178,0.020203163476215483,min,0.02952770717804283
25.016178,0.020203163476215483,max,0.02952770717804283
25.017178,0.01864906995036217,min,0.02797361365218952
25.018178,0.01864906995036217,max,0.02797361365218952
25.019178,0.01709499387780138,min,0.026419537579628727
25.020178,0.01709499387780138,max,0.026419537579628727
25.023178,0.013986806826094758,min,0.023311350527922103
25.024178,0.013986806826094758,max,0.023311350527922103
25.025178,0.012432713300241448,min,0.02175725700206879
25.026178,0.012432713300241448,max,0.02175725700206879
25.027178,0.010878637227680656,min,0.020203180929508
25.028178,0.010878637227680656,max,0.020203180929508
25.031178,0.007770450175974035,min,0.01709499387780138
25.032178,0.007770450175974035,max,0.01709499387780138
25.033178,0.006216356650120724,min,0.01554090035194807
25.034179,0.006216356650120724,max,0.01554090035194807
25.035179,0.004662263124267412,min,0.013986806826094758
25.036179,0.004662263124267412,max,0.013986806826094758
25.039179,0.0015540935258533109,min,0.010878637227680656
25.040179,0.0015540935258533109,max,0.010878637227680656
25.041179,0.0,min,0.009324543701827346
25.042179,0.0,max,0.009324543701827346
25.043179,-0.0015540935258533109,min,0.007770450175974035
25.044179,-0.0015540935258533109,max,0.007770450175974035
25.046179,-0.0031081870517066217,min,0.006216356650120724
25.047179,-0.0031081870517066217,max,0.006216356650120724
25.048179,-0.004662263124267412,min,0.0046622805775599335
25.049179,-0.004662263124267412,max,0.0046622805775599335
25.058179,-0.012432713300241448,min,0.003108169598414102
25.059179,-0.012432713300241448,max,0.003108169598414102
25.062179,-0.01554090035194807,min,0.006216356650120724
25.063179,-0.01554090035194807,max,0.006216356650120724
25.065179,-0.01709499387780138,min,0.007770450175974034
25.066179,-0.01709499387780138,max,0.007770450175974034
25.068179,-0.020203163476215483,min,0.010878619774388138
25.069179,-0.020203163476215483,max,0.010878619774388138
25.070179,-0.02175725700206879,min,0.012432713300241446
25.071179,-0.02175725700206879,max,0.012432713300241446
25.073179,-0.023311350527922103,min,0.013986806826094758
25.074179,-0.023311350527922103,max,0.013986806826094758
25.076179,-0.024865444053775415,min,0.01554090035194807
25.077179,-0.024865444053775415,max,0.01554090035194807
25.078179,-0.026419520126336207,min,0.017094976424508863
25.079179,-0.026419520126336207,max,0.017094976424508863
25.081179,-0.027973613652189516,min,0.018649069950362168
25.082179,-0.027973613652189516,max,0.018649069950362168
25.083179,-0.029527707178042827,min,0.02020316347621548
25.084179,-0.029527707178042827,max,0.02020316347621548
25.085179,-0.03108180070389614,min,0.02175725700206879
25.086179,-0.03108180070389614,max,0.02175725700206879
25.08718,-0.03263589422974945,min,0.023311350527922103
25.08818,-0.03263589422974945,max,0.023311350527922103
25.08918,-0.03263589422974945,min,0.023311350527922103
25.09018,-0.03263589422974945,max,0.023311350527922103
25.09118,-0.03418997030231024,min,0.024865426600482896
25.09218,-0.03418997030231024,max,0.024865426600482896
25.09318,-0.03574406382816355,min,0.026419520126336207
25.09418,-0.03574406382816355,max,0.026419520126336207
25.09518,-0.037298157354016856,min,0.027973613652189512
25.09618,-0.037298157354016856,max,0.027973613652189512
25.09821,-0.038852250879870175,min,0.02952770717804283
25.09921,-0.038852250879870175,max,0.02952770717804283
25.10021,-0.040406344405723486,min,0.031081800703896142
25.10121,-0.040406344405723486,max,0.031081800703896142
25.10221,-0.040406344405723486,min,0.031081800703896142
25.10321,-0.040406344405723486,max,0.031081800703896142
25.10521,-0.04351451400413758,min,0.03418997030231024
25.10621,-0.04351451400413758,max,0.03418997030231024
25.108211,-0.04506860752999089,min,0.035744063828163544
25.109211,-0.04506860752999089,max,0.035744063828163544
25.110211,-0.04506860752999089,min,0.035744063828163544
25.111211,-0.04506860752999089,max,0.035744063828163544
25.113211,-0.04662270105584421,min,0.03729815735401686
25.114211,-0.04662270105584421,max,0.03729815735401686
25.115211,-0.04662270105584421,min,0.03729815735401686
25.116211,-0.04662270105584421,max,0.03729815735401686
25.117211,-0.048176777128405,min,0.038852233426577655
25.118211,-0.048176777128405,max,0.038852233426577655
25.119211,-0.049730870654258304,min,0.04040632695243096
25.120211,-0.049730870654258304,max,0.04040632695243096
25.121211,-0.049730870654258304,min,0.04040632695243096
25.122211,-0.049730870654258304,max,0.04040632695243096
25.123211,-0.05128496418011162,min,0.04196042047828428
25.124211,-0.05128496418011162,max,0.04196042047828428
25.125211,-0.05128496418011162,min,0.04196042047828428
25.126211,-0.05128496418011162,max,0.04196042047828428
25.127211,-0.05283905770596493,min,0.04351451400413758
25.128211,-0.05283905770596493,max,0.04351451400413758
25.130211,-0.05439315123181824,min,0.045068607529990895
25.131211,-0.05439315123181824,max,0.045068607529990895
25.132211,-0.05439315123181824,min,0.045068607529990895
25.133211,-0.05439315123181824,max,0.045068607529990895
25.134211,-0.05594722730437903,min,0.04662268360255169
25.135211,-0.05594722730437903,max,0.04662268360255169
25.136211,-0.05594722730437903,min,0.04662268360255169
25.137211,-0.05594722730437903,max,0.04662268360255169
25.138211,-0.05594722730437903,min,0.04662268360255169
25.139211,-0.05594722730437903,max,0.04662268360255169
25.140211,-0.057501320830232336,min,0.04817677712840499
25.141211,-0.057501320830232336,max,0.04817677712840499
25.142211,-0.057501320830232336,min,0.04817677712840499
25.143211,-0.057501320830232336,max,0.04817677712840499
25.144211,-0.059055414356085655,min,0.04973087065425831
25.145211,-0.059055414356085655,max,0.04973087065425831
25.146211,-0.059055414356085655,min,0.04973087065425831
25.147211,-0.059055414356085655,max,0.04973087065425831
25.149211,-0.06060950788193896,min,0.051284964180111615
25.150211,-0.06060950788193896,max,0.051284964180111615
25.151211,-0.06060950788193896,min,0.051284964180111615
25.152211,-0.06060950788193896,max,0.051284964180111615
25.153211,-0.06060950788193896,min,0.051284964180111615
25.154211,-0.06060950788193896,max,0.051284964180111615
25.155211,-0.06216360140779228,min,0.052839057705964934
25.156211,-0.06216360140779228,max,0.052839057705964934
25.157211,-0.06216360140779228,min,0.052839057705964934
25.158212,-0.06216360140779228,max,0.052839057705964934
25.159212,-0.06216360140779228,min,0.052839057705964934
25.160212,-0.06216360140779228,max,0.052839057705964934
25.161212,-0.06216360140779228,min,0.052839057705964934
25.162212,-0.06216360140779228,max,0.052839057705964934
25.163212,-0.06371767748035306,min,0.05439313377852572
25.164212,-0.06371767748035306,max,0.05439313377852572
25.165212,-0.06371767748035306,min,0.05439313377852572
25.166212,-0.06371767748035306,max,0.05439313377852572
25.167212,-0.06371767748035306,min,0.05439313377852572
25.168212,-0.06371767748035306,max,0.05439313377852572
25.169212,-0.06371767748035306,min,0.05439313377852572
25.170212,-0.06371767748035306,max,0.05439313377852572
25.172212,-0.06527177100620637,min,0.05594722730437903
25.173212,-0.06527177100620637,max,0.05594722730437903
25.174212,-0.06527177100620637,min,0.05594722730437903
25.175212,-0.06527177100620637,max,0.05594722730437903
25.176212,-0.06527177100620637,min,0.05594722730437903
25.177212,-0.06527177100620637,max,0.05594722730437903
25.178212,-0.06527177100620637,min,0.05594722730437903
25.179212,-0.06527177100620637,max,0.05594722730437903
25.180212,-0.06527177100620637,min,0.05594722730437903
25.181212,-0.06527177100620637,max,0.05594722730437903
25.182212,-0.06527177100620637,min,0.05594722730437903
25.183212,-0.06527177100620637,max,0.05594722730437903
25.184213,-0.06527177100620637,min,0.05594722730437903
25.185213,-0.06527177100620637,max,0.05594722730437903
25.186213,-0.06527177100620637,min,0.05594722730437903
25.187213,-0.06527177100620637,max,0.05594722730437903
25.188213,-0.06527177100620637,min,0.05594722730437903
25.189213,-0.06527177100620637,max,0.05594722730437903
25.190213,-0.06527177100620637,min,0.05594722730437903
25.191213,-0.06527177100620637,max,0.05594722730437903
25.192213,-0.06527177100620637,min,0.05594722730437903
25.193213,-0.06527177100620637,max,0.05594722730437903
25.194213,-0.06682586453205969,min,0.05750132083023234
25.195213,-0.06682586453205969,max,0.05750132083023234
25.196213,-0.06682586453205969,min,0.05750132083023234
25.198213,-0.06527177100620637,max,0.05594722730437903
25.199213,-0.06527177100620637,min,0.05594722730437903
25.200213,-0.06527177100620637,max,0.05594722730437903
25.201213,-0.06527177100620637,min,0.05594722730437903
25.202213,-0.06527177100620637,max,0.05594722730437903
25.203213,-0.06527177100620637,min,0.05594722730437903
25.204213,-0.06527177100620637,max,0.05594722730437903
25.205213,-0.06527177100620637,min,0.05594722730437903
25.206218,-0.06527177100620637,max,0.05594722730437903
25.207218,-0.06527177100620637,min,0.05594722730437903
25.208218,-0.06527177100620637,max,0.05594722730437903
25.209218,-0.06527177100620637,min,0.05594722730437903
25.210218,-0.06527177100620637,max,0.05594722730437903
25.211218,-0.06527177100620637,min,0.05594722730437903
25.212218,-0.06527177100620637,max,0.05594722730437903
25.213218,-0.06527177100620637,min,0.05594722730437903
25.214218,-0.06527177100620637,max,0.05594722730437903
25.215218,-0.06527177100620637,min,0.05594722730437903
25.216218,-0.06527177100620637,max,0.05594722730437903
25.217218,-0.06527177100620637,min,0.05594722730437903
25.218218,-0.06527177100620637,max,0.05594722730437903
25.219218,-0.06527177100620637,min,0.05594722730437903
25.220218,-0.06527177100620637,max,0.05594722730437903
25.221218,-0.06527177100620637,min,0.05594722730437903
25.222218,-0.06371767748035306,max,0.05439313377852572
25.223218,-0.06371767748035306,min,0.05439313377852572
25.224218,-0.06371767748035306,max,0.05439313377852572
25.225218,-0.06371767748035306,min,0.05439313377852572
25.226218,-0.06371767748035306,max,0.05439313377852572
25.227218,-0.06371767748035306,min,0.05439313377852572
25.228218,-0.06371767748035306,max,0.05439313377852572
25.229218,-0.06371767748035306,min,0.05439313377852572
25.230218,-0.06371767748035306,max,0.05439313377852572
25.231218,-0.06371767748035306,min,0.05439313377852572
25.233218,-0.06216360140779228,max,0.052839057705964934
25.234218,-0.06216360140779228,min,0.052839057705964934
25.235218,-0.06216360140779228,max,0.052839057705964934
25.236218,-0.06216360140779228,min,0.052839057705964934
25.237218,-0.06216360140779228,max,0.052839057705964934
25.238218,-0.06216360140779228,min,0.052839057705964934
25.240218,-0.06060950788193896,max,0.051284964180111615
25.241218,-0.06060950788193896,min,0.051284964180111615
25.242218,-0.06060950788193896,max,0.051284964180111615
25.243218,-0.06060950788193896,min,0.051284964180111615
25.244218,-0.06060950788193896,max,0.051284964180111615
25.245218,-0.06060950788193896,min,0.051284964180111615
25.247218,-0.059055414356085655,max,0.04973087065425831
25.248218,-0.059055414356085655,min,0.04973087065425831
25.249218,-0.059055414356085655,max,0.04973087065425831
25.250218,-0.059055414356085655,min,0.04973087065425831
25.251218,-0.059055414356085655,max,0.04973087065425831
25.252218,-0.059055414356085655,min,0.04973087065425831
25.253218,-0.057501320830232336,max,0.04817677712840499
25.254219,-0.057501320830232336,min,0.04817677712840499
25.255219,-0.057501320830232336,max,0.04817677712840499
25.256219,-0.057501320830232336,min,0.04817677712840499
25.257219,-0.057501320830232336,max,0.04817677712840499
25.258219,-0.057501320830232336,min,0.04817677712840499
25.259219,-0.057501320830232336,max,0.04817677712840499
25.260219,-0.057501320830232336,min,0.04817677712840499
25.262219,-0.05594722730437903,max,0.04662268360255169
25.263219,-0.05594722730437903,min,0.04662268360255169
25.264219,-0.05594722730437903,max,0.04662268360255169
25.265219,-0.05594722730437903,min,0.04662268360255169
25.266219,-0.05594722730437903,max,0.04662268360255169
25.267219,-0.05594722730437903,min,0.04662268360255169
25.269219,-0.05439315123181824,max,0.045068607529990895
25.270219,-0.05439315123181824,min,0.045068607529990895
25.271219,-0.05439315123181824,max,0.045068607529990895
25.272219,-0.05439315123181824,min,0.045068607529990895
25.274219,-0.05283905770596493,max,0.04351451400413758
25.275219,-0.05283905770596493,min,0.04351451400413758
25.276219,-0.05283905770596493,max,0.04351451400413758
25.277219,-0.05283905770596493,min,0.04351451400413758
25.278219,-0.05283905770596493,max,0.04351451400413758
25.279219,-0.05283905770596493,min,0.04351451400413758
25.280219,-0.05128496418011162,max,0.04196042047828428
25.281219,-0.05128496418011162,min,0.04196042047828428
25.282219,-0.05128496418011162,max,0.04196042047828428
25.283219,-0.05128496418011162,min,0.04196042047828428
25.284219,-0.05128496418011162,max,0.04196042047828428
25.285219,-0.05128496418011162,min,0.04196042047828428
25.286219,-0.049730870654258304,max,0.04040632695243096
25.287219,-0.049730870654258304,min,0.04040632695243096
25.288219,-0.049730870654258304,max,0.04040632695243096
25.289219,-0.049730870654258304,min,0.04040632695243096
25.291219,-0.048176777128405,max,0.038852233426577655
25.292219,-0.048176777128405,min,0.038852233426577655
25.293219,-0.048176777128405,max,0.038852233426577655
25.294219,-0.048176777128405,min,0.038852233426577655
25.295219,-0.048176777128405,max,0.038852233426577655
25.296219,-0.048176777128405,min,0.038852233426577655
25.298219,-0.04662270105584421,max,0.03729815735401686
25.299219,-0.04662270105584421,min,0.03729815735401686
25.300236,-0.04662270105584421,max,0.03729815735401686
25.301236,-0.04662270105584421,min,0.03729815735401686
25.302236,-0.04506860752999089,max,0.035744063828163544
25.303236,-0.04506860752999089,min,0.035744063828163544
25.304237,-0.04506860752999089,max,0.035744063828163544
25.305237,-0.04506860752999089,min,0.035744063828163544
25.306237,-0.04506860752999089,max,0.035744063828163544
25.307237,-0.04506860752999089,min,0.035744063828163544
25.309237,-0.04351451400413758,max,0.03418997030231024
25.310237,-0.04351451400413758,min,0.03418997030231024
25.311237,-0.04351451400413758,max,0.03418997030231024
25.312237,-0.04351451400413758,min,0.03418997030231024
25.313237,-0.04196042047828427,max,0.03263587677645693
25.314237,-0.04196042047828427,min,0.03263587677645693
25.315237,-0.04196042047828427,max,0.03263587677645693
25.316237,-0.04196042047828427,min,0.03263587677645693
25.318237,-0.040406344405723486,max,0.031081800703896142
25.319237,-0.040406344405723486,min,0.031081800703896142
25.32025,-0.040406344405723486,max,0.031081800703896142
25.321257,-0.040406344405723486,min,0.031081800703896142
25.323262,-0.038852250879870175,max,0.02952770717804283
25.324262,-0.038852250879870175,min,0.02952770717804283
25.325262,-0.038852250879870175,max,0.02952770717804283
25.326262,-0.038852250879870175,min,0.02952770717804283
25.328262,-0.037298157354016856,max,0.027973613652189512
25.329262,-0.037298157354016856,min,0.027973613652189512
25.330262,-0.037298157354016856,max,0.027973613652189512
25.331262,-0.037298157354016856,min,0.027973613652189512
25.333262,-0.03574406382816355,max,0.026419520126336207
25.334262,-0.03574406382816355,min,0.026419520126336207
25.335262,-0.03574406382816355,max,0.026419520126336207
25.336262,-0.03574406382816355,min,0.026419520126336207
25.337262,-0.03418997030231024,max,0.024865426600482896
25.338262,-0.03418997030231024,min,0.024865426600482896
25.339262,-0.03418997030231024,max,0.024865426600482896
25.340262,-0.03418997030231024,min,0.024865426600482896
25.341281,-0.03418997030231024,max,0.024865426600482896
25.342291,-0.03418997030231024,min,0.024865426600482896
25.343291,-0.03263589422974945,max,0.023311350527922103
25.344291,-0.03263589422974945,min,0.023311350527922103
25.345291,-0.03263589422974945,max,0.023311350527922103
25.346291,-0.03263589422974945,min,0.023311350527922103
25.347291,-0.03263589422974945,max,0.023311350527922103
25.348291,-0.03263589422974945,min,0.023311350527922103
25.349291,-0.03108180070389614,max,0.02175725700206879
25.350291,-0.03108180070389614,min,0.02175725700206879
25.351291,-0.03108180070389614,max,0.02175725700206879
25.352291,-0.03108180070389614,min,0.02175725700206879
25.353291,-0.029527707178042827,max,0.02020316347621548
25.354291,-0.029527707178042827,min,0.02020316347621548
25.355291,-0.029527707178042827,max,0.02020316347621548
25.356291,-0.029527707178042827,min,0.02020316347621548
25.357291,-0.029527707178042827,max,0.02020316347621548
25.358291,-0.029527707178042827,min,0.02020316347621548
25.359291,-0.027973613652189516,max,0.018649069950362168
25.360291,-0.027973613652189516,min,0.018649069950362168
25.361291,-0.027973613652189516,max,0.018649069950362168
25.362291,-0.027973613652189516,min,0.018649069950362168
25.364291,-0.026419520126336207,max,0.017094976424508863
25.365291,-0.026419520126336207,min,0.017094976424508863
25.366291,-0.026419520126336207,max,0.017094976424508863
25.367295,-0.026419520126336207,min,0.017094976424508863
25.369295,-0.024865444053775415,max,0.01554090035194807
25.370295,-0.024865444053775415,min,0.01554090035194807
25.371295,-0.024865444053775415,max,0.01554090035194807
25.372295,-0.024865444053775415,min,0.01554090035194807
25.373295,-0.024865444053775415,max,0.01554090035194807
25.374295,-0.024865444053775415,min,0.01554090035194807
25.375295,-0.023311350527922103,max,0.013986806826094758
25.376295,-0.023311350527922103,min,0.013986806826094758
25.377295,-0.023311350527922103,max,0.013986806826094758
25.378295,-0.023311350527922103,min,0.013986806826094758
25.379295,-0.023311350527922103,max,0.013986806826094758
25.380295,-0.023311350527922103,min,0.013986806826094758
25.382295,-0.02175725700206879,max,0.012432713300241446
25.383295,-0.02175725700206879,min,0.012432713300241446
25.384295,-0.02175725700206879,max,0.012432713300241446
25.385295,-0.02175725700206879,min,0.012432713300241446
25.386295,-0.020203163476215483,max,0.010878619774388138
25.387295,-0.020203163476215483,min,0.010878619774388138
25.388295,-0.020203163476215483,max,0.010878619774388138
25.389295,-0.020203163476215483,min,0.010878619774388138
25.390295,-0.020203163476215483,max,0.010878619774388138
25.391295,-0.020203163476215483,min,0.010878619774388138
25.393295,-0.01864906995036217,max,0.009324526248534826
25.394295,-0.01864906995036217,min,0.009324526248534826
25.395295,-0.01864906995036217,max,0.009324526248534826
25.396295,-0.01864906995036217,min,0.009324526248534826
25.397295,-0.01864906995036217,max,0.009324526248534826
25.398295,-0.01864906995036217,min,0.009324526248534826
25.400295,-0.01709499387780138,max,0.007770450175974034
25.401295,-0.01709499387780138,min,0.007770450175974034
25.402295,-0.01709499387780138,max,0.007770450175974034
25.403295,-0.01709499387780138,min,0.007770450175974034
25.404295,-0.01554090035194807,max,0.006216356650120724
25.405295,-0.01554090035194807,min,0.006216356650120724
25.406295,-0.01554090035194807,max,0.006216356650120724
25.407295,-0.01554090035194807,min,0.006216356650120724
25.408295,-0.01554090035194807,max,0.006216356650120724
25.409295,-0.01554090035194807,min,0.006216356650120724
25.410295,-0.01554090035194807,max,0.006216356650120724
25.411295,-0.01554090035194807,min,0.006216356650120724
25.412296,-0.013986806826094758,max,0.004662263124267412
25.413296,-0.013986806826094758,min,0.004662263124267412
25.414296,-0.013986806826094758,max,0.004662263124267412
25.415296,-0.013986806826094758,min,0.004662263124267412
25.416296,-0.013986806826094758,max,0.004662263124267412
25.417296,-0.013986806826094758,min,0.004662263124267412
25.419296,-0.012432713300241448,max,0.003108169598414102
25.420296,-0.012432713300241448,min,0.003108169598414102
25.421296,-0.012432713300241448,max,0.003108169598414102
25.422314,-0.012432713300241448,min,0.003108169598414102
25.423314,-0.012432713300241448,max,0.003108169598414102
25.424314,-0.012432713300241448,min,0.003108169598414102
25.455315,-0.006216356650120724,max,0.0031081870517066217
25.456315,-0.006216356650120724,min,0.0031081870517066217
25.457315,-0.006216356650120724,max,0.0031081870517066217
25.458315,-0.006216356650120724,min,0.0031081870517066217
25.459315,-0.006216356650120724,max,0.0031081870517066217
25.460315,-0.006216356650120724,min,0.0031081870517066217
25.461315,-0.006216356650120724,max,0.0031081870517066217
25.462315,-0.006216356650120724,min,0.0031081870517066217
25.463315,-0.006216356650120724,max,0.0031081870517066217
25.464315,-0.006216356650120724,min,0.0031081870517066217
25.465315,-0.006216356650120724,max,0.0031081870517066217
25.466315,-0.006216356650120724,min,0.0031081870517066217
25.468316,-0.004662263124267412,max,0.0046622805775599335
25.469316,-0.004662263124267412,min,0.0046622805775599335
25.470316,-0.004662263124267412,max,0.0046622805775599335
25.471316,-0.004662263124267412,min,0.0046622805775599335
25.472316,-0.004662263124267412,max,0.0046622805775599335
25.473316,-0.004662263124267412,min,0.0046622805775599335
25.474316,-0.004662263124267412,max,0.0046622805775599335
25.475316,-0.004662263124267412,min,0.0046622805775599335
25.476316,-0.004662263124267412,max,0.0046622805775599335
25.477316,-0.004662263124267412,min,0.0046622805775599335
25.478316,-0.004662263124267412,max,0.0046622805775599335
25.479316,-0.004662263124267412,min,0.0046622805775599335
25.480316,-0.004662263124267412,max,0.0046622805775599335
25.481316,-0.004662263124267412,min,0.0046622805775599335
25.482316,-0.0031081870517066217,max,0.006216356650120724
25.483316,-0.0031081870517066217,min,0.006216356650120724
25.484316,-0.0031081870517066217,max,0.006216356650120724
25.485316,-0.0031081870517066217,min,0.006216356650120724
25.486316,-0.0031081870517066217,max,0.006216356650120724
25.487316,-0.0031081870517066217,min,0.006216356650120724
25.488316,-0.0031081870517066217,max,0.006216356650120724
25.489316,-0.0031081870517066217,min,0.006216356650120724
25.490316,-0.0031081870517066217,max,0.006216356650120724
25.491316,-0.0031081870517066217,min,0.006216356650120724
25.492316,-0.0031081870517066217,max,0.006216356650120724
25.493316,-0.0031081870517066217,min,0.006216356650120724
25.494316,-0.0031081870517066217,max,0.006216356650120724
25.495316,-0.0031081870517066217,min,0.006216356650120724
25.496316,-0.0031081870517066217,max,0.006216356650120724
25.497316,-0.0031081870517066217,min,0.006216356650120724
25.498316,-0.0031081870517066217,max,0.006216356650120724
25.499316,-0.0031081870517066217,min,0.006216356650120724
25.500316,-0.0031081870517066217,max,0.006216356650120724
25.501316,-0.0031081870517066217,min,0.006216356650120724
25.502316,-0.0031081870517066217,max,0.006216356650120724
25.503316,-0.0031081870517066217,min,0.006216356650120724
25.504316,-0.0031081870517066217,max,0.006216356650120724
25.505316,-0.0031081870517066217,min,0.006216356650120724
25.506316,-0.0031081870517066217,max,0.006216356650120724
25.507316,-0.0031081870517066217,min,0.006216356650120724
25.508316,-0.0031081870517066217,max,0.006216356650120724
25.509316,-0.0031081870517066217,min,0.006216356650120724
25.510316,-0.0031081870517066217,max,0.006216356650120724
25.511316,-0.0031081870517066217,min,0.006216356650120724
25.512316,-0.0031081870517066217,max,0.006216356650120724
25.513316,-0.0031081870517066217,min,0.006216356650120724
25.514316,-0.0031081870517066217,max,0.006216356650120724
25.515316,-0.0031081870517066217,min,0.006216356650120724
25.516316,-0.0031081870517066217,max,0.006216356650120724
25.517316,-0.0031081870517066217,min,0.006216356650120724
25.518316,-0.0031081870517066217,max,0.006216356650120724
25.519316,-0.0031081870517066217,min,0.006216356650120724
25.520317,-0.0031081870517066217,max,0.006216356650120724
25.521317,-0.0031081870517066217,min,0.006216356650120724
25.522317,-0.0031081870517066217,max,0.006216356650120724
25.523317,-0.0031081870517066217,min,0.006216356650120724
25.524317,-0.0031081870517066217,max,0.006216356650120724
25.525317,-0.0031081870517066217,min,0.006216356650120724
25.526317,-0.0031081870517066217,max,0.006216356650120724
25.527317,-0.0031081870517066217,min,0.006216356650120724
25.528317,-0.0031081870517066217,max,0.006216356650120724
25.529317,-0.0031081870517066217,min,0.006216356650120724
25.530317,-0.0031081870517066217,max,0.006216356650120724
25.531317,-0.0031081870517066217,min,0.006216356650120724
25.532317,-0.0031081870517066217,max,0.006216356650120724
25.533317,-0.0031081870517066217,min,0.006216356650120724
25.534317,-0.0031081870517066217,max,0.006216356650120724
25.535319,-0.0031081870517066217,min,0.006216356650120724
25.536319,-0.0031081870517066217,max,0.006216356650120724
25.537319,-0.0031081870517066217,min,0.006216356650120724
25.538319,-0.0031081870517066217,max,0.006216356650120724
25.539319,-0.0031081870517066217,min,0.006216356650120724
25.540319,-0.0031081870517066217,max,0.006216356650120724
25.54132,-0.0031081870517066217,min,0.006216356650120724
25.54232,-0.0031081870517066217,max,0.006216356650120724
25.54332,-0.0031081870517066217,min,0.006216356650120724
25.54432,-0.0031081870517066217,max,0.006216356650120724
25.54532,-0.0031081870517066217,min,0.006216356650120724
25.54632,-0.0031081870517066217,max,0.006216356650120724
25.54732,-0.0031081870517066217,min,0.006216356650120724
25.54832,-0.0031081870517066217,max,0.006216356650120724
25.54932,-0.0031081870517066217,min,0.006216356650120724
25.55032,-0.0031081870517066217,max,0.006216356650120724
25.551336,-0.0031081870517066217,min,0.006216356650120724
25.552336,-0.0031081870517066217,max,0.006216356650120724
25.553336,-0.0031081870517066217,min,0.006216356650120724
25.554336,-0.0031081870517066217,max,0.006216356650120724
25.555336,-0.0031081870517066217,min,0.006216356650120724
25.556336,-0.0031081870517066217,max,0.006216356650120724
25.557336,-0.0031081870517066217,min,0.006216356650120724
25.558336,-0.0031081870517066217,max,0.006216356650120724
25.559336,-0.0031081870517066217,min,0.006216356650120724
25.560336,-0.0031081870517066217,max,0.006216356650120724
25.561336,-0.0031081870517066217,min,0.006216356650120724
25.562336,-0.0031081870517066217,max,0.006216356650120724
25.564336,-0.004662263124267412,min,0.0046622805775599335
25.565336,-0.004662263124267412,max,0.0046622805775599335
25.566336,-0.004662263124267412,min,0.0046622805775599335
25.567337,-0.004662263124267412,max,0.0046622805775599335
25.568337,-0.004662263124267412,min,0.0046622805775599335
25.569337,-0.004662263124267412,max,0.0046622805775599335
25.570337,-0.004662263124267412,min,0.0046622805775599335
25.571337,-0.004662263124267412,max,0.0046622805775599335
25.572337,-0.004662263124267412,min,0.0046622805775599335
25.573337,-0.004662263124267412,max,0.0046622805775599335
25.574337,-0.004662263124267412,min,0.0046622805775599335
25.575337,-0.004662263124267412,max,0.0046622805775599335
25.576337,-0.004662263124267412,min,0.0046622805775599335
25.577337,-0.004662263124267412,max,0.0046622805775599335
25.578337,-0.004662263124267412,min,0.0046622805775599335
25.579337,-0.004662263124267412,max,0.0046622805775599335
25.580337,-0.004662263124267412,min,0.0046622805775599335
25.581337,-0.004662263124267412,max,0.0046622805775599335
25.582337,-0.004662263124267412,min,0.0046622805775599335
25.583337,-0.004662263124267412,max,0.0046622805775599335
25.584337,-0.004662263124267412,min,0.0046622805775599335
25.585337,-0.004662263124267412,max,0.0046622805775599335
25.586337,-0.004662263124267412,min,0.0046622805775599335
25.587337,-0.004662263124267412,max,0.0046622805775599335
25.588337,-0.004662263124267412,min,0.0046622805775599335
25.589337,-0.004662263124267412,max,0.0046622805775599335
25.590337,-0.004662263124267412,min,0.0046622805775599335
25.591337,-0.004662263124267412,max,0.0046622805775599335
25.592338,-0.004662263124267412,min,0.0046622805775599335
25.593338,-0.004662263124267412,max,0.0046622805775599335
25.595338,-0.006216356650120724,min,0.0031081870517066217
25.596338,-0.006216356650120724,max,0.0031081870517066217
25.597338,-0.006216356650120724,min,0.0031081870517066217
25.598338,-0.006216356650120724,max,0.0031081870517066217
25.599338,-0.006216356650120724,min,0.0031081870517066217
25.600338,-0.006216356650120724,max,0.0031081870517066217
25.601338,-0.006216356650120724,min,0.0031081870517066217
25.602338,-0.006216356650120724,max,0.0031081870517066217
25.603338,-0.006216356650120724,min,0.0031081870517066217
25.604338,-0.006216356650120724,max,0.0031081870517066217
25.605338,-0.006216356650120724,min,0.0031081870517066217
25.606338,-0.006216356650120724,max,0.0031081870517066217
25.607338,-0.006216356650120724,min,0.0031081870517066217
25.608338,-0.006216356650120724,max,0.0031081870517066217
25.609338,-0.006216356650120724,min,0.0031081870517066217
25.610338,-0.006216356650120724,max,0.0031081870517066217
25.611338,-0.006216356650120724,min,0.0031081870517066217
25.612338,-0.006216356650120724,max,0.0031081870517066217
25.613338,-0.006216356650120724,min,0.0031081870517066217
25.614338,-0.006216356650120724,max,0.0031081870517066217
25.615338,-0.006216356650120724,min,0.0031081870517066217
25.616338,-0.006216356650120724,max,0.0031081870517066217
25.617338,-0.006216356650120724,min,0.0031081870517066217
25.618338,-0.006216356650120724,max,0.0031081870517066217
25.619338,-0.006216356650120724,min,0.0031081870517066217
25.620338,-0.006216356650120724,max,0.0031081870517066217
25.621338,-0.006216356650120724,min,0.0031081870517066217
25.622338,-0.006216356650120724,max,0.0031081870517066217
