station,AOS_utc,LOS_utc,duration_s,max_elev_deg,range_at_max_km,station_lat,station_lon,station_alt_m
AWS Ground Station – Stockholm,2027-09-14T16:00:31.363701Z,2027-09-14T16:09:15.121955Z,523,71.5,658.1,59.3293,18.0686,0.0
SSC Esrange (Kiruna) – KIR-2,2027-09-14T16:02:44.820954Z,2027-09-14T16:11:10.461462Z,505,67.5,642.3,67.858428,20.96688,386.0
SSC Esrange (Kiruna) – site,2027-09-14T16:02:45.142819Z,2027-09-14T16:11:10.570292Z,505,67.1,644.0,67.883,21.067,402.0
"Leaf Space – Unst (Shetland, UK)",2027-09-14T16:02:55.246003Z,2027-09-14T16:09:46.838258Z,411,23.9,1264.6,60.733,-0.85,0.0
KSAT Tromsø,2027-09-14T16:03:17.689011Z,2027-09-14T16:11:39.137629Z,501,69.5,626.5,69.6492,18.9553,0.0
KSAT Svalbard (Longyearbyen),2027-09-14T16:05:49.681588Z,2027-09-14T16:13:38.314291Z,468,52.2,684.1,78.2288,15.407,0.0
Leaf Space – Blönduós (Iceland),2027-09-14T16:06:30.740509Z,2027-09-14T16:11:14.523842Z,283,15.2,1556.3,65.633,-20.233,0.0
KSAT Inuvik,2027-09-14T16:15:07.830522Z,2027-09-14T16:21:12.021144Z,364,79.6,394.2,68.36,-133.723,0.0
RBC Signals – Deadhorse (AK),2027-09-14T16:15:19.520219Z,2027-09-14T16:20:38.383628Z,318,26.3,804.0,70.2,-148.5,0.0
SSC Space US North Pole (AK),2027-09-14T16:16:47.132941Z,2027-09-14T16:21:58.424232Z,311,29.5,687.4,64.7511,-147.3494,0.0
NASA NEN Fairbanks (ASF),2027-09-14T16:16:47.426522Z,2027-09-14T16:21:55.668825Z,308,28.3,709.7,64.858,-147.849,0.0
RBC Signals – Fairbanks (AK),2027-09-14T16:16:47.426522Z,2027-09-14T16:21:55.668825Z,308,28.3,709.7,64.858,-147.849,0.0
RBC Signals – Talkeetna (AK),2027-09-14T16:17:40.805955Z,2027-09-14T16:22:24.060262Z,283,23.9,777.2,62.32,-150.11,0.0
NASA NEN McMurdo,2027-09-14T16:52:26.259861Z,2027-09-14T16:57:03.066447Z,276,89.4,275.3,-77.846,166.686,0.0
SANSA Hartebeesthoek,2027-09-14T17:09:45.011057Z,2027-09-14T17:17:28.897135Z,463,33.1,1024.0,-25.8897,27.685,0.0
AWS Ground Station – Ireland,2027-09-14T17:31:45.516829Z,2027-09-14T17:40:23.716191Z,518,49.9,816.8,53.3331,-6.2489,0.0
"Leaf Space – Unst (Shetland, UK)",2027-09-14T17:33:20.484892Z,2027-09-14T17:42:05.620527Z,525,81.8,629.6,60.733,-0.85,0.0
AWS Ground Station – Stockholm,2027-09-14T17:33:27.949386Z,2027-09-14T17:40:37.030945Z,429,23.6,1321.6,59.3293,18.0686,0.0
Leaf Space – Blönduós (Iceland),2027-09-14T17:35:52.008633Z,2027-09-14T17:43:45.519281Z,473,40.7,864.7,65.633,-20.233,0.0
SSC Esrange (Kiruna) – KIR-2,2027-09-14T17:36:13.631006Z,2027-09-14T17:42:36.936591Z,383,20.3,1383.0,67.858428,20.96688,386.0
SSC Esrange (Kiruna) – site,2027-09-14T17:36:14.657715Z,2027-09-14T17:42:37.011706Z,382,20.2,1386.6,67.883,21.067,402.0
KSAT Tromsø,2027-09-14T17:36:32.472505Z,2027-09-14T17:43:14.763624Z,402,22.6,1285.5,69.6492,18.9553,0.0
KSAT Svalbard (Longyearbyen),2027-09-14T17:38:47.666702Z,2027-09-14T17:45:37.666812Z,410,26.4,1096.7,78.2288,15.407,0.0
RBC Signals – Deadhorse (AK),2027-09-14T17:46:58.669229Z,2027-09-14T17:53:10.086366Z,371,67.0,434.4,70.2,-148.5,0.0
KSAT Inuvik,2027-09-14T17:47:06.875099Z,2027-09-14T17:52:22.004711Z,315,24.3,885.3,68.36,-133.723,0.0
NASA NEN Fairbanks (ASF),2027-09-14T17:48:29.513556Z,2027-09-14T17:54:02.380188Z,332,36.9,601.7,64.858,-147.849,0.0
RBC Signals – Fairbanks (AK),2027-09-14T17:48:29.513556Z,2027-09-14T17:54:02.380188Z,332,36.9,601.7,64.858,-147.849,0.0
SSC Space US North Pole (AK),2027-09-14T17:48:30.878988Z,2027-09-14T17:54:00.953118Z,330,35.2,623.3,64.7511,-147.3494,0.0
RBC Signals – Talkeetna (AK),2027-09-14T17:49:17.979437Z,2027-09-14T17:54:36.969298Z,318,34.3,613.2,62.32,-150.11,0.0
NASA NEN McMurdo,2027-09-14T18:24:53.658941Z,2027-09-14T18:28:51.095473Z,237,25.7,573.3,-77.846,166.686,0.0
KSAT TrollSat (Antarctica),2027-09-14T18:31:35.155215Z,2027-09-14T18:37:31.349863Z,356,35.3,678.1,-72.011,2.535,0.0
Leaf Space – Santa Maria (Azores),2027-09-14T19:00:00.343149Z,2027-09-14T19:08:38.400770Z,518,38.0,1033.7,36.983,-25.133,0.0
AWS Ground Station – Ireland,2027-09-14T19:04:12.299980Z,2027-09-14T19:11:50.071104Z,457,26.4,1262.7,53.3331,-6.2489,0.0
"Leaf Space – Unst (Shetland, UK)",2027-09-14T19:07:03.724277Z,2027-09-14T19:13:08.362774Z,364,18.1,1532.2,60.733,-0.85,0.0
Leaf Space – Blönduós (Iceland),2027-09-14T19:07:19.852654Z,2027-09-14T19:15:43.803049Z,503,54.4,730.5,65.633,-20.233,0.0
KSAT Svalbard (Longyearbyen),2027-09-14T19:13:02.152266Z,2027-09-14T19:17:21.945305Z,259,14.1,1571.9,78.2288,15.407,0.0
RBC Signals – Deadhorse (AK),2027-09-14T19:18:55.465216Z,2027-09-14T19:24:05.848606Z,310,22.0,981.7,70.2,-148.5,0.0
KSAT TrollSat (Antarctica),2027-09-14T20:03:29.036874Z,2027-09-14T20:09:37.165314Z,368,59.0,464.4,-72.011,2.535,0.0
Leaf Space – Santa Maria (Azores),2027-09-14T20:32:31.770773Z,2027-09-14T20:39:38.634319Z,426,21.0,1518.5,36.983,-25.133,0.0
Leaf Space – Blönduós (Iceland),2027-09-14T20:41:37.575336Z,2027-09-14T20:46:42.224579Z,304,15.2,1633.8,65.633,-20.233,0.0
RBC Signals – Deadhorse (AK),2027-09-14T20:50:46.153732Z,2027-09-14T20:54:06.055726Z,199,13.0,1428.3,70.2,-148.5,0.0
KSAT TrollSat (Antarctica),2027-09-14T21:35:38.900825Z,2027-09-14T21:40:16.706077Z,277,20.7,924.3,-72.011,2.535,0.0
NASA NEN Wallops,2027-09-14T22:06:12.647547Z,2027-09-14T22:14:00.585624Z,467,27.0,1287.9,37.94,-75.466,0.0
RBC Signals – Winston-Salem (NC),2027-09-14T22:07:10.276524Z,2027-09-14T22:12:52.279256Z,342,16.3,1726.3,36.0999,-80.2442,0.0
AWS Ground Station – Ohio,2027-09-14T22:08:36.617959Z,2027-09-14T22:13:49.253721Z,312,15.1,1770.7,39.9612,-82.9988,0.0
RBC Signals – Columbus (OH),2027-09-14T22:08:36.617959Z,2027-09-14T22:13:49.253721Z,312,15.1,1770.7,39.9612,-82.9988,0.0
AWS Ground Station – Seoul,2027-09-14T22:34:43.953936Z,2027-09-14T22:38:01.753466Z,197,21.2,585.5,37.5665,126.978,0.0
AWS Ground Station – Punta Arenas,2027-09-14T23:13:45.818884Z,2027-09-14T23:21:03.987499Z,438,50.6,643.8,-53.1638,-70.9171,0.0
KSAT Punta Arenas,2027-09-14T23:13:45.818884Z,2027-09-14T23:21:03.987499Z,438,50.6,643.8,-53.1638,-70.9171,0.0
Leaf Space – Santiago (Chile),2027-09-14T23:18:19.347112Z,2027-09-14T23:26:43.452525Z,504,84.6,594.8,-33.4489,-70.6693,0.0
SSC Santiago,2027-09-14T23:18:19.347112Z,2027-09-14T23:26:43.452525Z,504,84.6,594.8,-33.4489,-70.6693,0.0
RBC Signals – Miami (FL),2027-09-14T23:33:50.377025Z,2027-09-14T23:43:16.248790Z,565,63.3,773.1,25.7617,-80.1918,0.0
RBC Signals – Winston-Salem (NC),2027-09-14T23:36:44.785132Z,2027-09-14T23:45:53.523857Z,548,50.6,862.7,36.0999,-80.2442,0.0
NASA NEN Wallops,2027-09-14T23:37:33.273543Z,2027-09-14T23:45:49.719613Z,496,30.4,1204.7,37.94,-75.466,0.0
AWS Ground Station – Ohio,2027-09-14T23:37:49.427066Z,2027-09-14T23:47:03.745806Z,554,61.9,761.4,39.9612,-82.9988,0.0
RBC Signals – Columbus (OH),2027-09-14T23:37:49.427066Z,2027-09-14T23:47:03.745806Z,554,61.9,761.4,39.9612,-82.9988,0.0
RBC Signals – Madison (WI),2027-09-14T23:38:54.194126Z,2027-09-14T23:48:08.207053Z,554,77.9,686.0,43.0731,-89.4012,0.0
KSAT Inuvik,2027-09-14T23:49:14.362679Z,2027-09-14T23:55:21.948897Z,367,21.4,1263.6,68.36,-133.723,0.0
RBC Signals – Deadhorse (AK),2027-09-14T23:51:08.771514Z,2027-09-14T23:56:17.570442Z,308,17.3,1382.4,70.2,-148.5,0.0
AWS Ground Station – Punta Arenas,2027-09-15T00:46:18.193354Z,2027-09-15T00:51:28.558518Z,310,18.7,1230.2,-53.1638,-70.9171,0.0
KSAT Punta Arenas,2027-09-15T00:46:18.193354Z,2027-09-15T00:51:28.558518Z,310,18.7,1230.2,-53.1638,-70.9171,0.0
Leaf Space – La Paz (Mexico),2027-09-15T01:06:26.334457Z,2027-09-15T01:15:44.473735Z,558,55.8,827.1,24.083,-110.383,0.0
NASA NEN White Sands,2027-09-15T01:08:21.507319Z,2027-09-15T01:17:48.144881Z,566,75.6,712.2,32.4,-106.33,0.0
RBC Signals – Los Angeles (CA),2027-09-15T01:09:58.244151Z,2027-09-15T01:18:19.726645Z,501,32.7,1146.9,34.0522,-118.2437,0.0
AWS Ground Station – Oregon,2027-09-15T01:12:54.710866Z,2027-09-15T01:21:34.344781Z,519,44.1,908.2,45.8399,-119.7006,0.0
RBC Signals – Boardman (OR),2027-09-15T01:12:54.710866Z,2027-09-15T01:21:34.344781Z,519,44.1,908.2,45.8399,-119.7006,0.0
RBC Signals – Madison (WI),2027-09-15T01:13:47.144981Z,2027-09-15T01:17:37.436631Z,230,12.3,1947.6,43.0731,-89.4012,0.0
KSAT Inuvik,2027-09-15T01:19:26.612100Z,2027-09-15T01:27:31.910091Z,485,55.5,691.9,68.36,-133.723,0.0
SSC Space US North Pole (AK),2027-09-15T01:20:21.234777Z,2027-09-15T01:26:46.382316Z,385,22.3,1272.8,64.7511,-147.3494,0.0
NASA NEN Fairbanks (ASF),2027-09-15T01:20:26.290271Z,2027-09-15T01:26:48.421411Z,382,22.0,1281.4,64.858,-147.849,0.0
RBC Signals – Fairbanks (AK),2027-09-15T01:20:26.290271Z,2027-09-15T01:26:48.421411Z,382,22.0,1281.4,64.858,-147.849,0.0
RBC Signals – Talkeetna (AK),2027-09-15T01:20:46.566766Z,2027-09-15T01:25:52.351710Z,305,16.0,1546.0,62.32,-150.11,0.0
RBC Signals – Deadhorse (AK),2027-09-15T01:21:02.475672Z,2027-09-15T01:28:20.377179Z,437,34.0,929.7,70.2,-148.5,0.0
RBC Signals – Los Angeles (CA),2027-09-15T02:42:07.199315Z,2027-09-15T02:49:32.020640Z,444,22.6,1459.7,34.0522,-118.2437,0.0
AWS Ground Station – Oregon,2027-09-15T02:45:26.796181Z,2027-09-15T02:52:47.038371Z,440,23.1,1401.7,45.8399,-119.7006,0.0
RBC Signals – Boardman (OR),2027-09-15T02:45:26.796181Z,2027-09-15T02:52:47.038371Z,440,23.1,1401.7,45.8399,-119.7006,0.0
RBC Signals – Talkeetna (AK),2027-09-15T02:50:11.278886Z,2027-09-15T02:58:32.394696Z,501,55.2,724.0,62.32,-150.11,0.0
SSC Space US North Pole (AK),2027-09-15T02:50:36.328881Z,2027-09-15T02:59:03.716554Z,507,74.9,619.3,64.7511,-147.3494,0.0
NASA NEN Fairbanks (ASF),2027-09-15T02:50:39.638499Z,2027-09-15T02:59:06.034103Z,506,73.2,623.5,64.858,-147.849,0.0
RBC Signals – Fairbanks (AK),2027-09-15T02:50:39.638499Z,2027-09-15T02:59:06.034103Z,506,73.2,623.5,64.858,-147.849,0.0
KSAT Inuvik,2027-09-15T02:51:22.094113Z,2027-09-15T02:59:25.134945Z,483,44.0,816.6,68.36,-133.723,0.0
RBC Signals – Deadhorse (AK),2027-09-15T02:52:05.375109Z,2027-09-15T03:00:21.266767Z,495,87.1,578.9,70.2,-148.5,0.0
KSAT TrollSat (Antarctica),2027-09-15T03:40:04.822617Z,2027-09-15T03:44:04.519768Z,239,28.7,517.3,-72.011,2.535,0.0
RBC Signals – Honolulu (HI),2027-09-15T04:11:10.240139Z,2027-09-15T04:20:14.104258Z,543,44.9,946.8,21.3069,-157.8583,0.0
RBC Signals – Talkeetna (AK),2027-09-15T04:22:23.553687Z,2027-09-15T04:30:15.877981Z,472,33.3,1026.3,62.32,-150.11,0.0
NASA NEN Fairbanks (ASF),2027-09-15T04:23:17.101375Z,2027-09-15T04:30:44.355959Z,447,28.4,1126.3,64.858,-147.849,0.0
RBC Signals – Fairbanks (AK),2027-09-15T04:23:17.101375Z,2027-09-15T04:30:44.355959Z,447,28.4,1126.3,64.858,-147.849,0.0
SSC Space US North Pole (AK),2027-09-15T04:23:17.160196Z,2027-09-15T04:30:40.618945Z,443,27.7,1147.4,64.7511,-147.3494,0.0
RBC Signals – Deadhorse (AK),2027-09-15T04:24:50.667232Z,2027-09-15T04:32:05.785974Z,435,28.3,1092.4,70.2,-148.5,0.0
KSAT Inuvik,2027-09-15T04:25:53.372625Z,2027-09-15T04:30:24.315312Z,270,14.1,1661.3,68.36,-133.723,0.0
KSAT Svalbard (Longyearbyen),2027-09-15T04:34:33.644195Z,2027-09-15T04:39:17.718494Z,284,18.3,1109.6,78.2288,15.407,0.0
KSAT Tromsø,2027-09-15T04:37:09.989796Z,2027-09-15T04:41:16.097494Z,246,16.8,1059.1,69.6492,18.9553,0.0
SSC Esrange (Kiruna) – site,2027-09-15T04:37:31.497947Z,2027-09-15T04:41:50.365262Z,258,18.5,974.2,67.883,21.067,402.0
SSC Esrange (Kiruna) – KIR-2,2027-09-15T04:37:32.544934Z,2027-09-15T04:41:50.181075Z,257,18.4,978.2,67.858428,20.96688,386.0
KSAT TrollSat (Antarctica),2027-09-15T05:11:51.332762Z,2027-09-15T05:15:57.773710Z,246,40.9,373.3,-72.011,2.535,0.0
RBC Signals – Honolulu (HI),2027-09-15T05:45:20.714258Z,2027-09-15T05:49:26.934890Z,246,12.6,1981.1,21.3069,-157.8583,0.0
KSAT Svalbard (Longyearbyen),2027-09-15T06:06:22.414878Z,2027-09-15T06:12:34.741927Z,372,39.6,642.6,78.2288,15.407,0.0
KSAT Tromsø,2027-09-15T06:08:30.688534Z,2027-09-15T06:14:31.805465Z,361,78.6,391.3,69.6492,18.9553,0.0
SSC Esrange (Kiruna) – site,2027-09-15T06:08:55.101075Z,2027-09-15T06:14:49.941596Z,354,77.8,384.6,67.883,21.067,402.0
SSC Esrange (Kiruna) – KIR-2,2027-09-15T06:08:55.708313Z,2027-09-15T06:14:50.470662Z,354,78.2,383.8,67.858428,20.96688,386.0
AWS Ground Station – Stockholm,2027-09-15T06:11:25.180607Z,2027-09-15T06:16:38.311477Z,313,48.1,438.7,59.3293,18.0686,0.0
"Leaf Space – Unst (Shetland, UK)",2027-09-15T06:12:08.972644Z,2027-09-15T06:16:11.466964Z,242,18.9,871.5,60.733,-0.85,0.0
NASA NEN McMurdo,2027-09-15T06:51:46.624644Z,2027-09-15T06:56:30.756235Z,284,20.0,980.2,-77.846,166.686,0.0
Leaf Space – Awarua (New Zealand),2027-09-15T06:58:45.821646Z,2027-09-15T07:06:08.743082Z,442,37.2,851.1,-46.517,168.367,0.0
KSAT Svalbard (Longyearbyen),2027-09-15T07:38:14.872043Z,2027-09-15T07:44:53.832663Z,398,89.2,436.0,78.2288,15.407,0.0
KSAT Tromsø,2027-09-15T07:40:26.797580Z,2027-09-15T07:45:48.473526Z,321,26.2,827.7,69.6492,18.9553,0.0
SSC Esrange (Kiruna) – site,2027-09-15T07:41:00.846078Z,2027-09-15T07:45:39.395683Z,278,19.5,1007.9,67.883,21.067,402.0
SSC Esrange (Kiruna) – KIR-2,2027-09-15T07:41:01.468243Z,2027-09-15T07:45:40.083911Z,278,19.5,1006.7,67.858428,20.96688,386.0
Leaf Space – Blönduós (Iceland),2027-09-15T07:43:03.118197Z,2027-09-15T07:47:57.153737Z,294,25.7,747.3,65.633,-20.233,0.0
"Leaf Space – Unst (Shetland, UK)",2027-09-15T07:43:34.908730Z,2027-09-15T07:48:41.520143Z,306,35.2,567.8,60.733,-0.85,0.0
AWS Ground Station – Ireland,2027-09-15T07:45:51.261803Z,2027-09-15T07:50:25.332294Z,274,32.3,538.3,53.3331,-6.2489,0.0
NASA NEN McMurdo,2027-09-15T08:23:36.754846Z,2027-09-15T08:29:33.053899Z,356,47.3,521.1,-77.846,166.686,0.0
Leaf Space – Awarua (New Zealand),2027-09-15T08:31:06.631987Z,2027-09-15T08:36:51.513922Z,344,20.3,1249.5,-46.517,168.367,0.0
Leaf Space – Jeju (Korea),2027-09-15T08:52:57.169196Z,2027-09-15T09:01:19.468664Z,502,33.1,1137.8,33.383,126.317,0.0
AWS Ground Station – Seoul,2027-09-15T08:53:49.094482Z,2027-09-15T09:02:31.204424Z,522,40.7,979.4,37.5665,126.978,0.0
KSAT Svalbard (Longyearbyen),2027-09-15T09:09:59.082261Z,2027-09-15T09:16:37.011746Z,397,49.5,582.6,78.2288,15.407,0.0
KSAT Tromsø,2027-09-15T09:12:30.862045Z,2027-09-15T09:15:47.784292Z,196,13.2,1366.1,69.6492,18.9553,0.0
Leaf Space – Blönduós (Iceland),2027-09-15T09:14:41.465038Z,2027-09-15T09:20:13.855269Z,332,41.5,538.5,65.633,-20.233,0.0
NASA NEN McMurdo,2027-09-15T09:55:35.848507Z,2027-09-15T10:01:31.830201Z,355,70.2,402.8,-77.846,166.686,0.0
AWS Ground Station – Singapore,2027-09-15T10:19:01.454884Z,2027-09-15T10:23:33.593621Z,272,13.4,1920.6,1.3521,103.8198,0.0
Leaf Space – Jeju (Korea),2027-09-15T10:25:10.469499Z,2027-09-15T10:32:27.836790Z,437,22.0,1484.6,33.383,126.317,0.0
AWS Ground Station – Seoul,2027-09-15T10:26:34.091656Z,2027-09-15T10:33:22.880467Z,408,19.8,1565.0,37.5665,126.978,0.0
KSAT Svalbard (Longyearbyen),2027-09-15T10:41:28.254700Z,2027-09-15T10:48:06.615766Z,398,38.8,722.7,78.2288,15.407,0.0
NASA NEN McMurdo,2027-09-15T11:27:31.477451Z,2027-09-15T11:32:52.418659Z,320,36.1,587.4,-77.846,166.686,0.0
AWS Ground Station – Singapore,2027-09-15T11:48:26.628680Z,2027-09-15T11:57:00.259810Z,513,34.7,1108.1,1.3521,103.8198,0.0
Leaf Space – Kandy (Sri Lanka),2027-09-15T11:52:39.392064Z,2027-09-15T11:58:23.845114Z,344,16.0,1780.3,7.2667,80.7167,0.0
KSAT Svalbard (Longyearbyen),2027-09-15T12:12:43.770887Z,2027-09-15T12:19:41.259912Z,417,41.9,714.8,78.2288,15.407,0.0
KSAT Tromsø,2027-09-15T12:13:28.120555Z,2027-09-15T12:17:15.063963Z,226,13.5,1529.1,69.6492,18.9553,0.0
RBC Signals – Madison (WI),2027-09-15T12:27:04.088650Z,2027-09-15T12:31:03.318171Z,239,40.3,364.9,43.0731,-89.4012,0.0
AWS Ground Station – Ohio,2027-09-15T12:27:41.412367Z,2027-09-15T12:31:26.649407Z,225,33.5,406.7,39.9612,-82.9988,0.0
RBC Signals – Columbus (OH),2027-09-15T12:27:41.412367Z,2027-09-15T12:31:26.649407Z,225,33.5,406.7,39.9612,-82.9988,0.0
NASA NEN McMurdo,2027-09-15T12:59:15.057054Z,2027-09-15T13:04:01.823755Z,286,27.3,686.1,-77.846,166.686,0.0
Leaf Space – Kandy (Sri Lanka),2027-09-15T13:22:46.152679Z,2027-09-15T13:31:06.335361Z,500,30.5,1217.7,7.2667,80.7167,0.0
SSC Esrange (Kiruna) – site,2027-09-15T13:42:34.739513Z,2027-09-15T13:48:49.251181Z,374,22.4,1217.2,67.883,21.067,402.0
SSC Esrange (Kiruna) – KIR-2,2027-09-15T13:42:35.488292Z,2027-09-15T13:48:48.878301Z,373,22.3,1221.7,67.858428,20.96688,386.0
KSAT Tromsø,2027-09-15T13:42:55.201643Z,2027-09-15T13:49:23.188877Z,387,24.7,1128.3,69.6492,18.9553,0.0
KSAT Svalbard (Longyearbyen),2027-09-15T13:44:00.447518Z,2027-09-15T13:51:28.113567Z,447,60.7,586.1,78.2288,15.407,0.0
NASA NEN McMurdo,2027-09-15T14:30:44.408128Z,2027-09-15T14:35:23.890378Z,279,29.8,602.3,-77.846,166.686,0.0
Leaf Space – Mon Loisir (Mauritius),2027-09-15T14:47:56.698888Z,2027-09-15T14:56:44.595763Z,527,58.2,746.9,-20.133,57.683,0.0
AWS Ground Station – Stockholm,2027-09-15T15:11:23.572569Z,2027-09-15T15:18:51.850282Z,448,30.5,1070.8,59.3293,18.0686,0.0
SSC Esrange (Kiruna) – site,2027-09-15T15:12:53.525169Z,2027-09-15T15:21:00.239246Z,486,63.0,638.7,67.883,21.067,402.0
SSC Esrange (Kiruna) – KIR-2,2027-09-15T15:12:53.571759Z,2027-09-15T15:21:00.054012Z,486,62.6,641.0,67.858428,20.96688,386.0
KSAT Tromsø,2027-09-15T15:13:26.181520Z,2027-09-15T15:21:28.332395Z,482,64.1,624.9,69.6492,18.9553,0.0
"Leaf Space – Unst (Shetland, UK)",2027-09-15T15:15:20.646479Z,2027-09-15T15:18:35.120862Z,194,12.1,1749.5,60.733,-0.85,0.0
KSAT Svalbard (Longyearbyen),2027-09-15T15:15:40.998853Z,2027-09-15T15:23:24.639871Z,463,75.7,546.5,78.2288,15.407,0.0
KSAT Inuvik,2027-09-15T15:25:20.707919Z,2027-09-15T15:30:31.867205Z,311,29.2,693.7,68.36,-133.723,0.0
