file,part,shaper,tf_ms,cable_nom_mm,trial,applied_pattern,applied_amps,applied_delays_s,applied_amp_sum,mirror_amps,mirror_matches_shaper,tf_inferred_s,v_top_mm_s,plateau_fracs,move_dist_mm,rise_time_s
Bride_ZVD_.5_.5_.91_1200_v1.csv,B,ZVD,1500.0,1200.0,1.0,"ZVD-like (3rd impulse 0.5, sums to 1.25)","[0.25, 0.5, 0.5]","[0.0, 0.918, 1.862]",1.25,"[-0.25, -0.5, -0.5]",True,1.48,200.0,"[0.25, 0.75, 0.5, 1.0, 0.5]",371.0,3.315
Bride_ZVD_.5_.5_.91_1200_v2.csv,B,ZVD,1500.0,1200.0,2.0,"ZVD-like (3rd impulse 0.5, sums to 1.25)","[0.25, 0.5, 0.5]","[0.0, 0.919, 1.888]",1.25,"[-0.25, -0.5, -0.5]",True,1.48,200.0,"[0.25, 0.75, 0.5, 1.0, 0.5]",370.0,3.265
Bride_ZVD_.5_.5_.91_1200_v3.csv,B,ZVD,1500.0,1200.0,3.0,"ZVD-like (3rd impulse 0.5, sums to 1.25)","[0.25, 0.5, 0.5]","[0.0, 0.943, 1.836]",1.25,"[-0.25, -0.5, -0.5]",True,1.428,200.0,"[0.25, 0.75, 0.5, 1.0, 0.5]",365.0,3.217
Bride_ZVD_.5_.5_.91_600_v1.csv,B,ZVD,1500.0,600.0,1.0,"ZVD-like (3rd impulse 0.5, sums to 1.25)","[0.25, 0.5, 0.5]","[0.0, 0.893, 1.862]",1.25,"[-0.25, -0.5, -0.5]",True,1.505,200.0,"[0.25, 0.75, 0.5, 1.0, 0.5]",365.0,3.265
Bride_ZVD_.5_.5_.91_600_v2.csv,B,ZVD,1500.0,600.0,2.0,"ZVD-like (3rd impulse 0.5, sums to 1.25)","[0.25, 0.5, 0.5]","[0.0, 0.893, 1.913]",1.25,"[-0.25, -0.5, -0.5]",True,1.505,200.0,"[0.25, 0.75, 0.5, 1.0, 0.5]",371.0,3.367
Bride_ZVD_.5_.5_.91_600_v3.csv,B,ZVD,1500.0,600.0,3.0,"ZVD-like (3rd impulse 0.5, sums to 1.25)","[0.25, 0.5, 0.5]","[0.0, 0.969, 1.938]",1.25,"[-0.25, -0.5, -0.5]",True,1.505,200.0,"[0.25, 0.75, 0.5, 1.0, 0.5]",371.0,3.367
Bride_ZVD_.5_.5_.91_900_v1.csv,B,ZVD,1500.0,900.0,1.0,"ZVD-like (3rd impulse 0.5, sums to 1.25)","[0.25, 0.5, 0.5]","[0.0, 0.919, 1.887]",1.25,"[-0.25, -0.5, -0.5]",True,1.428,200.0,"[0.25, 0.75, 0.5, 1.0, 0.5]",372.0,3.367
Bride_ZVD_.5_.5_.91_900_v2.csv,B,ZVD,1500.0,900.0,2.0,"ZVD-like (3rd impulse 0.5, sums to 1.25)","[0.25, 0.5, 0.5]","[0.0, 0.918, 1.887]",1.25,"[-0.25, -0.5, -0.5]",True,1.479,200.0,"[0.25, 0.75, 0.5, 1.0, 0.5]",371.0,3.366
Bride_ZVD_.5_.5_.91_900_v3.csv,B,ZVD,1500.0,900.0,3.0,"ZVD-like (3rd impulse 0.5, sums to 1.25)","[0.25, 0.5, 0.5]","[0.0, 0.841, 1.861]",1.25,"[-0.25, -0.5, -0.5]",True,1.453,200.0,"[0.25, 0.75, 0.5, 1.0, 0.5]",371.0,3.316
Bride_ZV_.5_.5_.91_1200_v1.csv,B,ZV,1500.0,1200.0,1.0,ZV,"[0.5, 0.5]","[0.0, 0.842]",1.0,"[-0.5, -0.5]",True,1.403,200.0,"[0.5, 1.0, 0.5]",296.0,2.346
Bride_ZV_.5_.5_.91_1200_v2.csv,B,ZV,1500.0,1200.0,2.0,ZV,"[0.5, 0.5]","[0.0, 0.893]",1.0,"[-0.5, -0.5]",True,1.479,200.0,"[0.5, 1.0, 0.5]",295.0,2.295
Bride_ZV_.5_.5_.91_1200_v3.csv,B,ZV,1500.0,1200.0,3.0,ZV,"[0.5, 0.5]","[0.0, 0.79]",1.0,"[-0.5, -0.5]",True,1.377,200.0,"[0.5, 1.0, 0.5]",296.0,2.295
Bride_ZV_.5_.5_.91_600_v1.csv,B,ZV,1500.0,600.0,1.0,ZV,"[0.5, 0.5]","[0.0, 0.867]",1.0,"[-0.5, -0.5]",True,1.454,200.0,"[0.5, 1.0, 0.5]",289.0,2.244
Bride_ZV_.5_.5_.91_600_v2.csv,B,ZV,1500.0,600.0,2.0,ZV,"[0.5, 0.5]","[0.0, 0.842]",1.0,"[-0.5, -0.5]",True,1.454,200.0,"[0.5, 1.0, 0.5]",297.0,2.397
Bride_ZV_.5_.5_.91_600_v3.csv,B,ZV,1500.0,600.0,3.0,ZV,"[0.5, 0.5]","[0.0, 0.842]",1.0,"[-0.5, -0.5]",True,1.505,200.0,"[0.5, 1.0, 0.5]",288.0,2.296
Bride_ZV_.5_.5_.91_900_v1.csv,B,ZV,1500.0,900.0,1.0,ZV,"[0.5, 0.5]","[0.0, 0.791]",1.0,"[-0.5, -0.5]",True,1.454,200.0,"[0.5, 1.0, 0.5]",297.0,2.347
Bride_ZV_.5_.5_.91_900_v2.csv,B,ZV,1500.0,900.0,2.0,ZV,"[0.5, 0.5]","[0.0, 0.816]",1.0,"[-0.5, -0.5]",True,1.454,200.0,"[0.5, 1.0, 0.5]",297.0,2.347
Bride_ZV_.5_.5_.91_900_v3.csv,B,ZV,1500.0,900.0,3.0,ZV,"[0.5, 0.5]","[0.0, 0.842]",1.0,"[-0.5, -0.5]",True,1.454,200.0,"[0.5, 1.0, 0.5]",296.0,2.397
Bridge_100_-100_1100_v1.csv,A,Unshaped,1100.0,800.0,1.0,unshaped,[0.995],[0.0],0.995,[-0.995],True,1.097,201.0,[0.995],207.0,1.173
Bridge_100_-100_1100_v2.csv,A,Unshaped,1100.0,800.0,2.0,unshaped,[1.0],[0.0],1.0,[-1.0],True,1.097,200.0,[1.0],206.0,1.122
Bridge_100_-100_1100_v3.csv,A,Unshaped,1100.0,800.0,3.0,unshaped,[1.0],[0.0],1.0,[-1.0],True,1.02,200.0,[1.0],198.0,1.071
Bridge_100_-100_1600_v2.csv,A,Unshaped,1600.0,800.0,2.0,unshaped,[0.995],[0.0],0.995,[-0.995],True,1.53,201.0,[0.995],297.0,1.582
Bridge_100_-100_1600_v3.csv,A,Unshaped,1600.0,800.0,3.0,unshaped,[1.0],[0.0],1.0,[-1.0],True,1.607,200.0,[1.0],309.0,1.633
Bridge_100_-100_2000_v1.csv,A,Unshaped,2000.0,800.0,1.0,unshaped,[1.0],[0.0],1.0,[-1.0],True,1.964,200.0,[1.0],387.0,2.041
Bridge_100_-100_2000_v2.csv,A,Unshaped,2000.0,800.0,2.0,unshaped,[1.0],[0.0],1.0,[-1.0],True,1.989,200.0,[1.0],387.0,2.041
Bridge_100_-100_2000_v4.csv,A,Unshaped,2000.0,800.0,4.0,unshaped,[1.0],[0.0],1.0,[-1.0],True,1.913,200.0,[1.0],383.0,1.938
Bridge_ZV_.5_.5_.9_1100_v1.csv,A,ZV,1100.0,800.0,1.0,unshaped,[0.5],[0.0],0.5,[-0.5],True,1.964,200.0,[0.5],211.0,1.837
Bridge_ZV_.5_.5_.9_1100_v3.csv,A,ZV,1100.0,800.0,3.0,unshaped,[0.5],[0.0],0.5,[-0.5],True,1.964,200.0,[0.5],211.0,1.938
Bridge_ZV_.5_.5_.9_1600_v2.csv,A,ZV,1600.0,800.0,2.0,ZV,"[0.5, 0.5]","[0.0, 0.868]",1.0,"[-0.5, -0.5]",True,1.581,200.0,"[0.5, 1.0, 0.5]",316.0,2.5
Bridge_ZV_.5_.5_.9_1600_v3.csv,A,ZV,1600.0,800.0,3.0,ZV,"[0.5, 0.5]","[0.0, 0.816]",1.0,"[-0.5, -0.5]",True,1.581,200.0,"[0.5, 1.0, 0.5]",310.0,2.398
Bridge_ZV_.5_.5_.9_1600_v4.csv,A,ZV,1600.0,800.0,4.0,ZV,"[0.5, 0.5]","[0.0, 0.816]",1.0,"[-0.5, -0.5]",True,1.581,200.0,"[0.5, 1.0, 0.5]",316.0,2.499
Bridge_ZV_.5_.5_.9_1800_v1.csv,A,ZV,1800.0,800.0,1.0,ZV,"[0.5, 0.5]","[0.0, 0.867]",1.0,"[-0.5, -0.5]",True,1.785,200.0,"[0.5, 1.0, 0.5]",351.0,2.602
Bridge_ZV_.5_.5_.9_1800_v2.csv,A,ZV,1800.0,800.0,2.0,ZV,"[0.5, 0.5]","[0.0, 0.816]",1.0,"[-0.5, -0.5]",True,1.734,200.0,"[0.5, 1.0, 0.5]",352.0,2.601
Bridge_ZV_.5_.5_.9_2000_v1.csv,A,ZV,2000.0,800.0,1.0,ZV,"[0.5, 0.5]","[0.0, 0.842]",1.0,"[-0.5, -0.5]",True,1.964,200.0,"[0.5, 1.0, 0.5]",392.0,2.857
Bridge_ZV_.5_.5_.9_2000_v2.csv,A,ZV,2000.0,800.0,2.0,ZV,"[0.5, 0.5]","[0.0, 0.816]",1.0,"[-0.5, -0.5]",True,1.938,200.0,"[0.5, 1.0, 0.5]",391.0,2.805
Bridge_ZV_.5_.5_.9_2000_v3.csv,A,ZV,2000.0,800.0,3.0,ZV,"[0.5, 0.5]","[0.0, 0.842]",1.0,"[-0.5, -0.5]",True,1.964,200.0,"[0.5, 1.0, 0.5]",394.0,2.806
Bridge_b_1200_100_1500_v1.csv,B,Unshaped,1500.0,1200.0,1.0,unshaped,[1.0],[0.0],1.0,[-1.0],True,1.428,200.0,[1.0],287.0,1.479
Bridge_b_1200_100_1500_v2.csv,B,Unshaped,1500.0,1200.0,2.0,unshaped,[1.0],[0.0],1.0,[-1.0],True,1.428,200.0,[1.0],289.0,1.53
Bridge_b_1200_100_1500_v3.csv,B,Unshaped,1500.0,1200.0,3.0,unshaped,[1.0],[0.0],1.0,[-1.0],True,1.479,200.0,[1.0],286.0,1.53
Bridge_b_600_100_1500_v2.csv,B,Unshaped,1500.0,600.0,2.0,unshaped,[1.0],[0.0],1.0,[-1.0],True,1.428,200.0,[1.0],287.0,1.581
Bridge_b_900_100_1500_v1.csv,B,Unshaped,1500.0,900.0,1.0,unshaped,[1.0],[0.0],1.0,[-1.0],True,1.403,200.0,[1.0],288.0,1.582
Bridge_b_900_100_1500_v3.csv,B,Unshaped,1500.0,900.0,3.0,unshaped,[1.0],[0.0],1.0,[-1.0],True,1.454,200.0,[1.0],281.0,1.479
