file,move_index,direction,cable_infile_mm,move_t0,move_t1,move_dur_s,move_dist_mm,peak_vel_mm_s,rise_time_s,resid_window_s,cycles_available,pred_amp_pp_mm,applied_amps,applied_delays_s,applied_amp_sum,applied_pattern,mirror_amps,mirror_matches_shaper,tf_inferred_s,v_top_mm_s,plateau_fracs,t0,t1,window_s,n_extrema,n_cycles,amp_pp_mean,amp_pp_first,amp_pp_max,amp_single_mean,rms,period_zc,freq_zc_hz,freq_fft_hz,freq_fft2_hz,zeta,offset,amp_pp_mean_full,rms_full,part,shaper,tf_ms,cable_nom_mm,trial
Bride_ZVD_.5_.5_.91_1200_v1.csv,0,outbound,1201.0,0.966,4.332,3.366,371.0,200.0,3.315,11.63,6.0,55.2,"[0.25, 0.5, 0.5]","[0.0, 0.918, 1.862]",1.25,"ZVD-like (3rd impulse 0.5, sums to 1.25)","[-0.25, -0.5, -0.5]",True,1.48,200.0,"[0.25, 0.75, 0.5, 1.0, 0.5]",4.332241,13.10582,8.773579,9,4.5,30.875,9.0,35.0,15.4375,11.966838841850642,2.2075412528735634,0.4529926671577697,0.4590412769916293,0.3060275179944195,0.0,6.026178010471204,31.272727272727273,11.8862120637677,B,ZVD,1500.0,1200.0,1.0
Bride_ZVD_.5_.5_.91_1200_v1.csv,1,return,1201.0,16.217,19.431,3.214,-367.0,200.0,3.214,11.99,5.5,58.1,"[0.25, 0.5, 0.5]","[0.0, 0.867, 1.836]",1.25,"ZVD-like (3rd impulse 0.5, sums to 1.25)","[-0.25, -0.5, -0.5]",True,1.428,200.0,"[0.25, 0.75, 0.5, 1.0, 0.5]",19.43084,28.25528,8.82444,8,4.0,39.42857142857143,43.0,43.0,19.714285714285715,14.141063043491462,2.209278840000001,0.4526363906151383,0.45910871694417205,0.30607247796278136,0.006064582801440934,6.860465116279072,38.8,13.840589776633879,B,ZVD,1500.0,1200.0,1.0
Bride_ZVD_.5_.5_.91_1200_v2.csv,0,outbound,1201.0,3.771,7.087,3.316,370.0,200.0,3.265,11.63,5.0,57.8,"[0.25, 0.5, 0.5]","[0.0, 0.919, 1.888]",1.25,"ZVD-like (3rd impulse 0.5, sums to 1.25)","[-0.25, -0.5, -0.5]",True,1.48,200.0,"[0.25, 0.75, 0.5, 1.0, 0.5]",7.086933,15.8603,8.773367,8,4.0,63.714285714285715,66.0,66.0,31.857142857142858,22.628712932054263,2.209736475768322,0.4525426497529763,0.4581663571498342,0.30544423809988946,0.004294488486318136,5.566844919786096,62.888888888888886,22.35349383959726,B,ZVD,1500.0,1200.0,2.0
Bride_ZVD_.5_.5_.91_1200_v2.csv,1,return,1201.0,19.023,22.339,3.316,-371.0,200.0,3.264,11.27,5.5,59.1,"[0.25, 0.5, 0.5]","[0.0, 0.868, 1.862]",1.25,"ZVD-like (3rd impulse 0.5, sums to 1.25)","[-0.25, -0.5, -0.5]",True,1.454,200.0,"[0.25, 0.75, 0.5, 1.0, 0.5]",22.33854,31.06096,8.722420000000003,8,4.0,52.0,53.0,53.0,26.0,18.559515653749568,2.2138369373219375,0.4517044517333299,0.4589289210887082,0.3059526140591388,0.0018567544073618903,7.347305389221559,51.2,18.421195857243607,B,ZVD,1500.0,1200.0,2.0
Bride_ZVD_.5_.5_.91_1200_v3.csv,0,outbound,1201.0,1.425,4.689,3.264,365.0,200.0,3.217,11.99,5.5,53.6,"[0.25, 0.5, 0.5]","[0.0, 0.943, 1.836]",1.25,"ZVD-like (3rd impulse 0.5, sums to 1.25)","[-0.25, -0.5, -0.5]",True,1.428,200.0,"[0.25, 0.75, 0.5, 1.0, 0.5]",4.689257,13.51395,8.824693,8,4.0,49.142857142857146,51.0,51.0,24.571428571428573,17.628890429569804,2.2124415061728393,0.45198935077376845,0.4585248948449553,0.3056832632299702,0.0028416181003311464,5.362244897959185,48.5,17.392714961613766,B,ZVD,1500.0,1200.0,3.0
Bride_ZVD_.5_.5_.91_1200_v3.csv,1,return,1201.0,18.665,21.93,3.265,-365.0,200.0,3.214,11.27,5.5,53.9,"[0.25, 0.5, 0.5]","[0.0, 0.893, 1.836]",1.25,"ZVD-like (3rd impulse 0.5, sums to 1.25)","[-0.25, -0.5, -0.5]",True,1.428,200.0,"[0.25, 0.75, 0.5, 1.0, 0.5]",21.93017,30.7033,8.773129999999998,8,4.0,56.42857142857143,60.0,60.0,28.214285714285715,20.05769875559582,2.2068474565747933,0.453135080551549,0.4586594911937385,0.305772994129159,0.006452085246497259,7.150602409638552,55.1,19.86266627835486,B,ZVD,1500.0,1200.0,3.0
Bride_ZVD_.5_.5_.91_600_v1.csv,0,outbound,603.0,1.527,4.792,3.265,365.0,200.0,3.265,8.62,5.5,17.0,"[0.25, 0.5, 0.5]","[0.0, 0.893, 1.862]",1.25,"ZVD-like (3rd impulse 0.5, sums to 1.25)","[-0.25, -0.5, -0.5]",True,1.505,200.0,"[0.25, 0.75, 0.5, 1.0, 0.5]",4.791662,10.91258,6.1209180000000005,7,3.5,24.833333333333332,26.0,26.0,12.416666666666666,9.617482159646505,1.5545715284780581,0.6432640645226602,0.6498693533234149,0.4969589172473172,0.005521367570414024,8.513888888888888,23.6,9.18179517601656,B,ZVD,1500.0,600.0,1.0
Bride_ZVD_.5_.5_.91_600_v1.csv,1,return,603.0,13.769,17.136,3.367,-372.0,200.0,3.367,11.07,5.0,16.5,"[0.25, 0.5, 0.5]","[0.0, 0.969, 1.939]",1.25,"ZVD-like (3rd impulse 0.5, sums to 1.25)","[-0.25, -0.5, -0.5]",True,1.505,200.0,"[0.25, 0.75, 0.5, 1.0, 0.5]",17.13561,23.15447,6.01886,7,3.5,16.0,16.0,16.0,8.0,5.736235699480976,1.5340092433333332,0.651886554364591,0.6495769343636754,0.8024185659786578,9.252246836007272e-05,5.68131868131868,14.444444444444445,6.233336680556208,B,ZVD,1500.0,600.0,1.0
Bride_ZVD_.5_.5_.91_600_v2.csv,0,outbound,603.0,7.087,10.454,3.367,371.0,200.0,3.367,5.61,3.5,30.2,"[0.25, 0.5, 0.5]","[0.0, 0.893, 1.913]",1.25,"ZVD-like (3rd impulse 0.5, sums to 1.25)","[-0.25, -0.5, -0.5]",True,1.505,200.0,"[0.25, 0.75, 0.5, 1.0, 0.5]",10.45394,16.06444,5.610500000000002,7,3.5,31.333333333333332,33.0,33.0,15.666666666666666,11.86900433435294,1.5568894444444445,0.6423063651490275,0.6493863680813653,0.4965895755916323,0.008049525320355811,8.708333333333334,31.333333333333332,11.86900433435294,B,ZVD,1500.0,600.0,2.0
Bride_ZVD_.5_.5_.91_600_v2.csv,1,return,603.0,16.32,19.584,3.264,-364.0,200.0,3.264,6.94,4.5,11.4,"[0.25, 0.5, 0.5]","[0.0, 0.893, 1.862]",1.25,"ZVD-like (3rd impulse 0.5, sums to 1.25)","[-0.25, -0.5, -0.5]",True,1.428,200.0,"[0.25, 0.75, 0.5, 1.0, 0.5]",19.584,25.70485,6.120850000000001,8,4.0,23.285714285714285,26.0,26.0,11.642857142857142,9.184427587579728,1.5447065904139439,0.6473721328087454,0.6501174800528651,0.8030862988888333,0.00959302621820524,8.189655172413794,23.125,9.00279055694002,B,ZVD,1500.0,600.0,2.0
Bride_ZVD_.5_.5_.91_600_v3.csv,0,outbound,603.0,0.711,4.078,3.367,371.0,200.0,3.367,8.01,5.0,4.8,"[0.25, 0.5, 0.5]","[0.0, 0.969, 1.938]",1.25,"ZVD-like (3rd impulse 0.5, sums to 1.25)","[-0.25, -0.5, -0.5]",True,1.505,200.0,"[0.25, 0.75, 0.5, 1.0, 0.5]",4.077662,10.1477,6.070038,7,3.5,22.5,24.0,24.0,11.25,8.536620556903321,1.5449524972222222,0.6472690919610601,0.6494054196778716,0.49660414445954887,0.007143262047725713,8.205882352941178,21.88888888888889,8.177369819363054,B,ZVD,1500.0,600.0,3.0
Bride_ZVD_.5_.5_.91_600_v3.csv,1,return,603.0,12.341,15.554,3.213,-364.0,200.0,3.213,11.89,7.5,16.9,"[0.25, 0.5, 0.5]","[0.0, 0.893, 1.836]",1.25,"ZVD-like (3rd impulse 0.5, sums to 1.25)","[-0.25, -0.5, -0.5]",True,1.428,200.0,"[0.25, 0.75, 0.5, 1.0, 0.5]",15.55395,21.67529,6.12134,7,3.5,44.0,48.0,48.0,22.0,16.662398530768446,1.5586433832442073,0.6415835788675213,0.6495769343636867,0.4967353027487016,0.007338017697449362,9.181818181818182,40.0,15.160663904577142,B,ZVD,1500.0,600.0,3.0
Bride_ZVD_.5_.5_.91_900_v1.csv,0,outbound,901.0,1.939,5.305,3.367,372.0,200.0,3.367,7.96,4.5,51.8,"[0.25, 0.5, 0.5]","[0.0, 0.919, 1.887]",1.25,"ZVD-like (3rd impulse 0.5, sums to 1.25)","[-0.25, -0.5, -0.5]",True,1.428,200.0,"[0.25, 0.75, 0.5, 1.0, 0.5]",5.305114,12.90499,7.599876,9,4.5,50.875,9.0,60.0,25.4375,20.21760450619741,1.9053502538829152,0.5248378863477196,0.5178184790773713,0.6712461765817777,0.0,5.693877551020407,50.875,20.336660454312202,B,ZVD,1500.0,900.0,1.0
Bride_ZVD_.5_.5_.91_900_v1.csv,1,return,901.0,13.517,16.832,3.315,-368.0,200.0,3.265,7.35,4.0,51.0,"[0.25, 0.5, 0.5]","[0.0, 0.944, 1.887]",1.25,"ZVD-like (3rd impulse 0.5, sums to 1.25)","[-0.25, -0.5, -0.5]",True,1.454,200.0,"[0.25, 0.75, 0.5, 1.0, 0.5]",16.83234,24.17738,7.345040000000001,8,4.0,8.571428571428571,10.0,10.0,4.285714285714286,3.1908152019339133,1.906730965909091,0.5244578379851402,0.517561831386803,0.6709134851310409,0.012680180270492825,7.522727272727272,8.571428571428571,3.1908152019339133,B,ZVD,1500.0,900.0,1.0
Bride_ZVD_.5_.5_.91_900_v2.csv,0,outbound,901.0,2.394,5.761,3.366,371.0,200.0,3.366,10.05,5.5,47.5,"[0.25, 0.5, 0.5]","[0.0, 0.918, 1.887]",1.25,"ZVD-like (3rd impulse 0.5, sums to 1.25)","[-0.25, -0.5, -0.5]",True,1.479,200.0,"[0.25, 0.75, 0.5, 1.0, 0.5]",5.760671,13.36088,7.6002089999999995,8,4.0,61.285714285714285,64.0,64.0,30.642857142857142,21.72911725915261,1.9033058283926216,0.5254016380775334,0.5169529948044223,0.670124252524251,0.0035953198586144604,5.165289256198348,59.9,21.35970838451927,B,ZVD,1500.0,900.0,2.0
Bride_ZVD_.5_.5_.91_900_v2.csv,1,return,901.0,16.116,19.43,3.315,-369.0,200.0,3.265,11.99,6.0,46.5,"[0.25, 0.5, 0.5]","[0.0, 0.944, 1.964]",1.25,"ZVD-like (3rd impulse 0.5, sums to 1.25)","[-0.25, -0.5, -0.5]",True,1.505,200.0,"[0.25, 0.75, 0.5, 1.0, 0.5]",19.4305,26.92913,7.498630000000002,8,4.0,50.857142857142854,54.0,54.0,25.428571428571427,18.15651292998905,1.9105191420454541,0.5234179433184702,0.517968519791767,0.6714406738041423,0.004741513674149116,8.12676056338028,49.18181818181818,17.33711282351667,B,ZVD,1500.0,900.0,2.0
Bride_ZVD_.5_.5_.91_900_v3.csv,0,outbound,901.0,0.711,4.077,3.367,371.0,200.0,3.316,11.88,6.5,43.3,"[0.25, 0.5, 0.5]","[0.0, 0.841, 1.861]",1.25,"ZVD-like (3rd impulse 0.5, sums to 1.25)","[-0.25, -0.5, -0.5]",True,1.453,200.0,"[0.25, 0.75, 0.5, 1.0, 0.5]",4.077467,11.67757,7.600102999999999,8,4.0,68.0,72.0,72.0,34.0,24.366899730354206,1.9129839832451498,0.5227435298771393,0.5160373711970747,0.6689373330332451,0.0054332878296409854,5.935714285714286,65.66666666666667,23.6368993356591,B,ZVD,1500.0,900.0,3.0
Bride_ZVD_.5_.5_.91_900_v3.csv,1,return,901.0,17.849,21.165,3.316,-370.0,200.0,3.265,11.99,6.0,40.7,"[0.25, 0.5, 0.5]","[0.0, 0.944, 1.888]",1.25,"ZVD-like (3rd impulse 0.5, sums to 1.25)","[-0.25, -0.5, -0.5]",True,1.429,200.0,"[0.25, 0.75, 0.5, 1.0, 0.5]",21.16517,28.71413,7.548960000000001,7,3.5,36.0,38.0,38.0,18.0,13.05992133435102,1.891088730753225,0.5287959172606871,0.5164720141031296,0.6695007590225754,0.005620564683748068,7.666666666666665,34.72727272727273,12.526661873109498,B,ZVD,1500.0,900.0,3.0
Bride_ZV_.5_.5_.91_1200_v1.csv,0,outbound,1200.0,0.711,3.057,2.346,296.0,200.0,2.346,4.39,1.5,77.2,"[0.5, 0.5]","[0.0, 0.842]",1.0,ZV,"[-0.5, -0.5]",True,1.403,200.0,"[0.5, 1.0, 0.5]",3.057051,7.444148,4.387097000000001,3,1.5,73.5,74.0,74.0,36.75,26.31028864494358,2.261666152777778,0.44215190591759096,0.4588660258041796,0.3059106838694531,,6.180555555555556,73.5,26.31028864494358,B,ZV,1500.0,1200.0,1.0
Bride_ZV_.5_.5_.91_1200_v1.csv,1,return,1200.0,7.699,10.046,2.347,-290.0,200.0,2.347,8.82,4.5,81.2,"[0.5, 0.5]","[0.0, 0.816]",1.0,ZV,"[-0.5, -0.5]",True,1.479,200.0,"[0.5, 1.0, 0.5]",10.04562,18.81873,8.773109999999999,9,4.5,54.25,10.000000000000004,64.0,27.125,21.786995126938876,2.2046381912144706,0.45358916668731447,0.45924365631429664,0.30616243754286443,0.0,6.707692307692307,54.25,21.73456876245629,B,ZV,1500.0,1200.0,1.0
Bride_ZV_.5_.5_.91_1200_v2.csv,0,outbound,1200.0,1.734,4.081,2.347,295.0,200.0,2.295,6.83,3.0,70.1,"[0.5, 0.5]","[0.0, 0.893]",1.0,ZV,"[-0.5, -0.5]",True,1.479,200.0,"[0.5, 1.0, 0.5]",4.080869,10.91557,6.834701000000001,6,3.0,78.6,81.0,81.0,39.3,28.490086755686086,2.2199506846330284,0.4504604570372725,0.45894240089292265,0.30596160059528177,0.007998407199368613,4.944954128440366,78.6,28.490086755686086,B,ZV,1500.0,1200.0,2.0
Bride_ZV_.5_.5_.91_1200_v2.csv,1,return,1200.0,11.171,13.568,2.398,-295.0,200.0,2.347,8.01,4.0,66.1,"[0.5, 0.5]","[0.0, 0.841]",1.0,ZV,"[-0.5, -0.5]",True,1.428,200.0,"[0.5, 1.0, 0.5]",13.5684,21.57631,8.007909999999999,8,4.0,68.85714285714286,9.000000000000004,81.0,34.42857142857143,28.0551672596013,2.219528034188034,0.45054623532422655,0.45897385684910263,0.3059825712327351,0.0,7.7521367521367495,68.85714285714286,28.0551672596013,B,ZV,1500.0,1200.0,2.0
Bride_ZV_.5_.5_.91_1200_v3.csv,0,outbound,1200.0,1.374,3.772,2.397,296.0,200.0,2.295,6.38,3.0,75.0,"[0.5, 0.5]","[0.0, 0.79]",1.0,ZV,"[-0.5, -0.5]",True,1.377,200.0,"[0.5, 1.0, 0.5]",3.771723,10.14781,6.376087,6,3.0,88.2,90.0,90.0,44.1,30.85545648703149,2.2135385834951453,0.4517653351318659,0.4588480588891748,0.3058987059261165,0.0036090754893179752,7.1359223300970855,88.2,30.85545648703149,B,ZV,1500.0,1200.0,3.0
Bride_ZV_.5_.5_.91_1200_v3.csv,1,return,1200.0,10.454,12.851,2.397,-296.0,200.0,2.346,11.99,6.0,71.5,"[0.5, 0.5]","[0.0, 0.842]",1.0,ZV,"[-0.5, -0.5]",True,1.403,200.0,"[0.5, 1.0, 0.5]",12.85117,21.57331,8.72214,9,4.5,17.5,14.0,18.0,8.75,6.334193656444659,2.1886013411458336,0.45691281513903026,0.4589289210887082,0.3059526140591388,0.0,6.784090909090907,17.09090909090909,6.233065901880878,B,ZV,1500.0,1200.0,3.0
Bride_ZV_.5_.5_.91_600_v1.csv,0,outbound,603.0,1.221,3.465,2.244,289.0,200.0,2.244,8.31,5.5,13.6,"[0.5, 0.5]","[0.0, 0.867]",1.0,ZV,"[-0.5, -0.5]",True,1.454,200.0,"[0.5, 1.0, 0.5]",3.465386,9.127188,5.661802,8,4.0,18.857142857142858,16.0,21.0,9.428571428571429,6.865776641348661,1.3800293935185184,0.7246222469583806,0.6500792943779357,0.4971194604066567,0.0,8.358208955223878,18.5,6.790470699041906,B,ZV,1500.0,600.0,1.0
Bride_ZV_.5_.5_.91_600_v1.csv,1,return,603.0,12.034,14.279,2.245,-288.0,200.0,2.245,7.45,5.0,19.9,"[0.5, 0.5]","[0.0, 0.842]",1.0,ZV,"[-0.5, -0.5]",True,1.429,200.0,"[0.5, 1.0, 0.5]",14.27905,20.39997,6.12092,8,4.0,13.857142857142858,12.0,15.0,6.928571428571429,5.027439500281837,1.5528906410256411,0.64396034954498,0.6485618712764933,0.8011646645180212,0.0,9.539682539682538,13.88888888888889,4.891928554116875,B,ZV,1500.0,600.0,1.0
Bride_ZV_.5_.5_.91_600_v2.csv,0,outbound,603.0,0.97,3.367,2.397,297.0,200.0,2.397,8.52,6.0,12.4,"[0.5, 0.5]","[0.0, 0.842]",1.0,ZV,"[-0.5, -0.5]",True,1.454,200.0,"[0.5, 1.0, 0.5]",3.366558,9.487823,6.121265000000001,9,4.5,16.625,13.0,19.0,8.3125,6.104246257811789,1.5343515254901963,0.6517411319290206,0.6498693533234177,0.802779789399516,0.0,8.126760563380277,16.454545454545453,5.943228073074901,B,ZV,1500.0,600.0,2.0
Bride_ZV_.5_.5_.91_600_v2.csv,1,return,603.0,12.14,14.282,2.142,-278.0,200.0,2.142,9.23,6.0,21.9,"[0.5, 0.5]","[0.0, 0.842]",1.0,ZV,"[-0.5, -0.5]",True,1.428,200.0,"[0.5, 1.0, 0.5]",14.28241,20.40373,6.121319999999999,8,4.0,23.714285714285715,23.0,25.0,11.857142857142858,8.516078909920926,1.5398610333333338,0.6494092508044718,0.6498311967902911,0.4969297387219873,0.004613119657113208,9.18666666666667,22.90909090909091,8.211688146917309,B,ZV,1500.0,600.0,2.0
Bride_ZV_.5_.5_.91_600_v3.csv,0,outbound,603.0,3.465,5.761,2.296,288.0,200.0,2.296,10.66,7.0,21.9,"[0.5, 0.5]","[0.0, 0.842]",1.0,ZV,"[-0.5, -0.5]",True,1.505,200.0,"[0.5, 1.0, 0.5]",5.761262,11.88125,6.119987999999999,8,4.0,39.142857142857146,42.0,42.0,19.571428571428573,13.619478553837197,1.5533324848484849,0.6437771756878837,0.6495102234437446,0.4966842885158047,0.006054535582513744,8.752808988764045,36.38461538461539,12.801229662560822,B,ZV,1500.0,600.0,3.0
Bride_ZV_.5_.5_.91_600_v3.csv,1,return,603.0,16.677,19.074,2.397,-297.0,200.0,2.397,11.99,8.0,11.7,"[0.5, 0.5]","[0.0, 0.867]",1.0,ZV,"[-0.5, -0.5]",True,1.454,200.0,"[0.5, 1.0, 0.5]",19.07388,25.19472,6.120840000000001,8,4.0,50.857142857142854,51.0,56.0,25.428571428571427,18.11238358311515,1.5555111178146472,0.6428755079583808,0.6494498777506129,0.4966381418092922,0.0028714056528172903,9.232323232323234,46.333333333333336,16.536967026664094,B,ZV,1500.0,600.0,3.0
Bride_ZV_.5_.5_.91_900_v1.csv,0,outbound,900.0,5.761,8.158,2.398,297.0,200.0,2.347,5.3,2.5,25.9,"[0.5, 0.5]","[0.0, 0.791]",1.0,ZV,"[-0.5, -0.5]",True,1.454,200.0,"[0.5, 1.0, 0.5]",8.158447,13.46333,5.3048829999999985,5,2.5,33.25,35.0,35.0,16.625,11.77614071902909,1.8957265598958326,0.527502236427467,0.5370734102627065,0.38362386447336183,0.007697874202670838,7.703125,33.25,11.77614071902909,B,ZV,1500.0,900.0,1.0
Bride_ZV_.5_.5_.91_900_v1.csv,1,return,900.0,13.719,16.014,2.295,-290.0,200.0,2.244,6.89,3.5,22.1,"[0.5, 0.5]","[0.0, 0.841]",1.0,ZV,"[-0.5, -0.5]",True,1.453,200.0,"[0.5, 1.0, 0.5]",16.01361,22.89964,6.886030000000002,7,3.5,34.166666666666664,36.0,36.0,17.083333333333332,12.299141741069757,1.919341245644599,0.5210120932216804,0.5173079752795631,0.6705844123994337,0.007705225474795426,6.780487804878048,34.166666666666664,12.299141741069757,B,ZV,1500.0,900.0,1.0
Bride_ZV_.5_.5_.91_900_v2.csv,0,outbound,900.0,1.17,3.567,2.397,297.0,200.0,2.347,10.76,6.0,28.5,"[0.5, 0.5]","[0.0, 0.816]",1.0,ZV,"[-0.5, -0.5]",True,1.454,200.0,"[0.5, 1.0, 0.5]",3.567077,11.06519,7.498113,8,4.0,14.857142857142858,16.0,16.0,7.428571428571429,5.42609386525112,1.8984214956304621,0.5267534118749019,0.5363228479662603,0.3830877485473288,0.009091890968329061,7.2204724409448815,14.545454545454545,5.419290981062881,B,ZV,1500.0,900.0,2.0
Bride_ZV_.5_.5_.91_900_v2.csv,1,return,900.0,14.585,16.931,2.346,-293.0,200.0,2.295,6.73,3.5,18.3,"[0.5, 0.5]","[0.0, 0.842]",1.0,ZV,"[-0.5, -0.5]",True,1.479,200.0,"[0.5, 1.0, 0.5]",16.93109,23.66406,6.732969999999998,7,3.5,33.0,34.0,34.0,16.5,11.941877734878267,1.8926083127572024,0.5283713451216819,0.5178922170390384,0.6713417628283832,0.005798509294727829,6.691358024691359,33.0,11.941877734878267,B,ZV,1500.0,900.0,2.0
Bride_ZV_.5_.5_.91_900_v3.csv,0,outbound,900.0,2.092,4.489,2.397,296.0,200.0,2.397,9.18,4.5,24.6,"[0.5, 0.5]","[0.0, 0.842]",1.0,ZV,"[-0.5, -0.5]",True,1.454,200.0,"[0.5, 1.0, 0.5]",4.489081,12.03838,7.549299,8,4.0,31.0,32.0,32.0,15.5,10.922612997787292,1.89867470945083,0.5266831622196299,0.516811138987439,0.6699403653540876,0.003998488144577375,7.622641509433962,30.625,10.648281666841378,B,ZV,1500.0,900.0,3.0
Bride_ZV_.5_.5_.91_900_v3.csv,1,return,900.0,13.977,16.271,2.295,-289.0,200.0,2.244,7.8,4.5,15.1,"[0.5, 0.5]","[0.0, 0.842]",1.0,ZV,"[-0.5, -0.5]",True,1.428,200.0,"[0.5, 1.0, 0.5]",16.27147,23.76957,7.498100000000001,8,4.0,19.571428571428573,21.0,21.0,9.785714285714286,7.208271892310208,1.8946385714285725,0.5278051524338978,0.5359155274633813,0.38279680533098664,0.006087546405743578,7.840425531914892,19.5,7.249802919536094,B,ZV,1500.0,900.0,3.0
Bridge_100_-100_1100_v1.csv,0,outbound,799.0,1.429,2.602,1.173,207.0,200.0,1.173,4.03,2.0,213.2,[0.995],[0.0],0.995,unshaped,[-0.995],True,1.097,201.0,[0.995],2.601754,6.630876,4.029121999999999,4,2.0,272.3333333333333,275.0,275.0,136.16666666666666,97.00087628470168,1.7880574748376623,0.5592661388531652,0.5363044394975052,0.6895342793539352,0.0,-2.5,272.3333333333333,97.00087628470168,A,Unshaped,1100.0,800.0,1.0
Bridge_100_-100_1100_v1.csv,1,return,799.0,6.938,8.06,1.122,-205.0,200.0,1.122,11.99,7.5,217.3,[0.995],[0.0],0.995,unshaped,[-0.995],True,1.097,201.0,[0.995],8.06007,14.79249,6.732420000000001,8,4.0,41.857142857142854,31.0,45.0,20.928571428571427,15.031711271508645,1.7880314166666664,0.5592742894105562,0.5556270845595404,0.7089035216794136,0.0,8.377622377622378,83.64285714285714,36.97377717440722,A,Unshaped,1100.0,800.0,1.0
Bridge_100_-100_1100_v1.csv,2,extra2,799.0,81.102,82.224,1.122,-205.0,200.0,1.122,4.18,2.5,215.9,[0.995],[0.0],0.995,unshaped,[-0.995],True,1.046,201.0,[0.995],82.22446,86.40693,4.182470000000009,5,2.5,240.5,246.0,246.0,120.25,87.19295983563099,1.844662698412705,0.5421045272181628,0.5354957160342296,0.6884944920440096,0.00455275533481022,22.142857142857142,240.5,87.19295983563099,A,Unshaped,1100.0,800.0,1.0
Bridge_100_-100_1100_v1.csv,3,extra3,799.0,86.663,87.835,1.173,206.0,201.0,1.122,5.1,2.5,214.2,[0.995],[0.0],0.995,unshaped,[-0.995],True,1.122,201.0,[0.995],87.8353,92.9361,5.1007999999999925,5,2.5,126.5,130.0,130.0,63.25,43.47943974474697,1.8138433684210469,0.5513155200774041,0.5355743805699564,0.6885956321613727,0.005575956652494422,2.3157894736842106,126.5,43.47943974474697,A,Unshaped,1100.0,800.0,1.0
Bridge_100_-100_1100_v1.csv,4,extra4,799.0,93.243,97.017,3.774,-755.0,200.0,3.723,11.99,6.5,87.6,[0.995],[0.0],0.995,unshaped,[-0.995],True,3.749,201.0,[0.995],97.01664,104.209,7.192360000000008,8,4.0,125.71428571428571,132.0,132.0,62.857142857142854,43.988721423300625,1.8140969906223365,0.5512384426904011,0.5553002450980181,0.40211397058822,0.0052860705689165965,5.361111111111111,120.08333333333333,42.316041598230925,A,Unshaped,1100.0,800.0,1.0
Bridge_100_-100_1100_v2.csv,0,outbound,799.0,0.609,1.782,1.173,206.0,200.0,1.122,3.37,2.0,214.2,[1.0],[0.0],1.0,unshaped,[-1.0],True,1.097,200.0,[1.0],1.781954,5.148369,3.366415,4,2.0,265.3333333333333,265.0,267.0,132.66666666666666,95.69372867908764,1.8071976717453277,0.5533428996918944,0.5746344405542962,0.42139858973981725,0.0,7.317073170731708,265.3333333333333,95.69372867908764,A,Unshaped,1100.0,800.0,2.0
Bridge_100_-100_1100_v2.csv,1,return,799.0,5.404,6.526,1.122,-202.0,200.0,1.122,10.46,7.0,217.5,[1.0],[0.0],1.0,unshaped,[-1.0],True,0.995,200.0,[1.0],6.526016,12.74856,6.222543999999999,9,4.5,615.0,846.0,846.0,307.5,187.02283614035693,1.3940597319036365,0.717329377726495,0.536680749169527,0.6900181060751062,0.03119331949393128,17.198473282442748,557.0769230769231,181.6928210443197,A,Unshaped,1100.0,800.0,2.0
Bridge_100_-100_1100_v3.csv,0,outbound,799.0,1.377,2.448,1.071,198.0,200.0,1.071,3.32,2.0,213.8,[1.0],[0.0],1.0,unshaped,[-1.0],True,1.02,200.0,[1.0],2.448114,5.763803,3.3156890000000003,4,2.0,267.0,271.0,271.0,133.5,96.50287805517915,1.8402160853658542,0.5434144435278042,0.5366017593178589,0.68991654769439,0.0011153435916786577,5.219512195121951,267.0,96.50287805517915,A,Unshaped,1100.0,800.0,3.0
Bridge_100_-100_1100_v3.csv,1,return,799.0,6.121,7.294,1.173,-207.0,200.0,1.173,9.69,6.0,217.8,[1.0],[0.0],1.0,unshaped,[-1.0],True,0.994,200.0,[1.0],7.294202,14.53735,7.243148,8,4.0,468.14285714285717,480.0,480.0,234.07142857142858,167.5423031157604,1.8174130098162262,0.5502326629108473,0.5563365582948705,0.4028644042824924,0.0025457179195576634,-4.982905982905983,408.0,170.74211988453925,A,Unshaped,1100.0,800.0,3.0
Bridge_100_-100_1600_v2.csv,0,outbound,799.0,1.221,2.803,1.582,297.0,201.0,1.582,1.94,1.0,85.3,[0.995],[0.0],0.995,unshaped,[-0.995],True,1.53,201.0,[0.995],2.802654,4.745814,1.93763,2,1.0,143.0,143.0,143.0,71.5,50.90921590330074,,,0.45942369891208434,0.3062824659413896,,-2.2083333333333335,143.0,50.90921590330074,A,Unshaped,1600.0,800.0,2.0
Bridge_100_-100_1600_v2.csv,1,return,799.0,4.996,6.628,1.632,-303.0,200.0,1.632,7.91,5.0,86.8,[0.995],[0.0],0.995,unshaped,[-0.995],True,1.53,201.0,[0.995],6.628193,13.7176,7.089407,9,4.5,51.25,31.0,57.0,25.625,19.277309560479164,1.792707185298103,0.5578155809275197,0.5550281724644771,0.7081393924546777,0.0,8.582417582417582,51.111111111111114,19.112774586570453,A,Unshaped,1600.0,800.0,2.0
Bridge_100_-100_1600_v3.csv,0,outbound,799.0,1.581,3.264,1.683,309.0,200.0,1.633,7.35,4.0,86.8,[1.0],[0.0],1.0,unshaped,[-1.0],True,1.607,200.0,[1.0],3.263957,10.40534,7.141383000000001,8,4.0,119.28571428571429,125.0,125.0,59.642857142857146,43.13756220924406,1.795353678137255,0.5569933167917848,0.5552104316458639,0.402048933260798,0.005667261568608203,6.909090909090907,119.28571428571429,43.36804342004196,A,Unshaped,1600.0,800.0,3.0
Bridge_100_-100_1600_v3.csv,1,return,799.0,10.915,12.446,1.531,-294.0,200.0,1.531,7.75,5.0,99.3,[1.0],[0.0],1.0,unshaped,[-1.0],True,1.582,200.0,[1.0],12.4457,19.63779,7.1920899999999985,9,4.5,30.75,8.0,36.0,15.375,12.242159287050555,1.8037208832224685,0.554409503877026,0.5549737899275043,0.70807000783854,0.0,8.238636363636362,30.88888888888889,12.33066605716103,A,Unshaped,1600.0,800.0,3.0
Bridge_100_-100_2000_v1.csv,0,outbound,799.0,12.698,14.738,2.041,387.0,200.0,2.041,5.66,3.5,63.9,[1.0],[0.0],1.0,unshaped,[-1.0],True,1.964,200.0,[1.0],14.73814,20.39959,5.66145,7,3.5,45.5,44.0,48.0,22.75,16.258002738996712,1.7933989678571436,0.5576004101278466,0.5765398996359337,0.42279592639968466,0.0,8.385714285714283,45.5,16.258002738996712,A,Unshaped,2000.0,800.0,1.0
Bridge_100_-100_2000_v1.csv,1,return,799.0,20.706,22.747,2.041,-387.0,200.0,1.99,10.1,6.0,62.8,[1.0],[0.0],1.0,unshaped,[-1.0],True,1.964,200.0,[1.0],22.74655,29.88711,7.140560000000001,8,4.0,101.14285714285714,101.0,105.0,50.57142857142857,35.91922154210022,1.7965814545454546,0.5566126698402359,0.5542677854976013,0.707169243565905,0.0028102102813353305,8.347457627118642,98.0,35.30721756497399,A,Unshaped,2000.0,800.0,1.0
Bridge_100_-100_2000_v2.csv,0,outbound,799.0,0.918,2.959,2.041,387.0,200.0,2.041,3.88,2.5,67.4,[1.0],[0.0],1.0,unshaped,[-1.0],True,1.989,200.0,[1.0],2.95898,6.835339,3.8763590000000003,5,2.5,99.5,94.0,103.0,49.75,35.574010233337944,1.8263290999999997,0.547546441657202,0.5614078066307387,0.40829658664053725,0.0,10.571428571428571,99.5,35.574010233337944,A,Unshaped,2000.0,800.0,2.0
Bridge_100_-100_2000_v2.csv,1,return,799.0,7.142,9.233,2.091,-390.0,200.0,2.04,11.88,6.5,62.9,[1.0],[0.0],1.0,unshaped,[-1.0],True,2.015,200.0,[1.0],9.232609,16.42499,7.192381000000001,7,3.5,152.0,157.0,157.0,76.0,54.92914089107112,1.8127352297212138,0.5516525434074523,0.5555317166466411,0.40228158791653323,0.004522778336208853,8.014285714285714,145.25,52.96116983417268,A,Unshaped,2000.0,800.0,2.0
Bridge_100_-100_2000_v4.csv,0,outbound,799.0,0.762,2.751,1.989,383.0,200.0,1.938,4.64,3.0,64.6,[1.0],[0.0],1.0,unshaped,[-1.0],True,1.913,200.0,[1.0],2.751244,7.392602,4.641358,6,3.0,60.4,61.0,62.0,30.2,21.64220148700408,1.8242430810439556,0.5481725601106472,0.5375591007834217,0.6911474152929709,0.005226019876966202,6.589285714285714,60.4,21.64220148700408,A,Unshaped,2000.0,800.0,4.0
Bridge_100_-100_2000_v4.csv,1,return,799.0,7.648,9.688,2.04,-384.0,200.0,2.04,8.57,4.5,70.4,[1.0],[0.0],1.0,unshaped,[-1.0],True,1.99,200.0,[1.0],9.688011,16.82925,7.141238999999999,8,4.0,70.85714285714286,75.0,75.0,35.42857142857143,25.836056480950475,1.7924270653485739,0.557902756174645,0.5558724667549888,0.7092165955149857,0.006139255759060123,8.292929292929292,70.25,25.268358672559277,A,Unshaped,2000.0,800.0,4.0
Bridge_ZV_.5_.5_.9_1100_v1.csv,0,outbound,799.0,1.479,3.367,1.887,211.0,200.0,1.837,1.79,1.0,13.9,[0.5],[0.0],0.5,unshaped,[-0.5],True,1.964,200.0,[0.5],3.366537,5.157106,1.785171,2,1.0,21.0,21.0,21.0,10.5,8.627068091470896,,,0.38233221427243114,0.5352650999814036,,7.619047619047619,21.0,8.627068091470896,A,ZV,1100.0,800.0,1.0
Bridge_ZV_.5_.5_.9_1100_v1.csv,1,return,799.0,5.407,7.397,1.99,-216.0,200.0,1.99,11.99,6.5,2.4,[0.5],[0.0],0.5,unshaped,[-0.5],True,1.989,200.0,[0.5],7.396923,14.48607,7.089147,7,3.5,24.833333333333332,25.0,25.0,12.416666666666666,9.019317983407236,1.777637078431373,0.5625445216761694,0.5547590830513396,0.7077960714792952,0.0028978218273153114,7.293706293706291,23.916666666666668,8.73929488428991,A,ZV,1100.0,800.0,1.0
Bridge_ZV_.5_.5_.9_1100_v3.csv,0,outbound,799.0,1.731,3.67,1.938,211.0,200.0,1.938,8.52,4.5,9.6,[0.5],[0.0],0.5,unshaped,[-0.5],True,1.964,200.0,[0.5],3.669586,10.75916,7.089574,8,4.0,23.142857142857142,24.0,24.0,11.571428571428571,8.567653016108602,1.7953551744186047,0.556992852583519,0.5564404023931366,0.7099412030533123,0.006202836749550683,8.653846153846157,22.875,8.332938846678596,A,ZV,1100.0,800.0,3.0
Bridge_ZV_.5_.5_.9_1100_v3.csv,1,return,799.0,12.443,14.381,1.938,-210.0,199.0,1.938,8.87,,9.5,[0.5],[0.0],0.5,unshaped,[-0.5],True,1.964,200.0,[0.5],14.38111,21.26722,6.886109999999999,1,,,,,,0.8652886742561227,1.6846980952380957,0.5935781626551145,0.5759165519952748,0.42233880479653485,,7.5233644859813085,,0.8012349625926284,A,ZV,1100.0,800.0,3.0
Bridge_ZV_.5_.5_.9_1600_v2.csv,0,outbound,799.0,105.125,107.624,2.5,316.0,200.0,2.5,8.36,5.0,8.1,"[0.5, 0.5]","[0.0, 0.868]",1.0,ZV,"[-0.5, -0.5]",True,1.581,200.0,"[0.5, 1.0, 0.5]",107.6244,114.8162,7.191800000000001,8,4.0,33.42857142857143,35.0,35.0,16.714285714285715,11.818193022494093,1.8018815891472901,0.5549754245911537,0.5553002450980181,0.7084865196078163,0.006959143897161383,7.8019801980198045,32.666666666666664,11.786903121164894,A,ZV,1600.0,800.0,2.0
Bridge_ZV_.5_.5_.9_1600_v2.csv,1,return,799.0,116.245,118.693,2.448,-311.0,200.0,2.448,8.57,4.5,9.6,"[0.5, 0.5]","[0.0, 0.867]",1.0,ZV,"[-0.5, -0.5]",True,1.607,200.0,"[0.5, 1.0, 0.5]",118.693,125.7825,7.089500000000001,8,4.0,31.0,32.0,32.0,15.5,11.183650944253694,1.7882450980392122,0.5592074604854151,0.5561180657830203,0.7095299459990259,0.0035347296866977654,7.460784313725495,30.875,10.951471893757201,A,ZV,1600.0,800.0,2.0
Bridge_ZV_.5_.5_.9_1600_v3.csv,0,outbound,799.0,4.081,6.479,2.398,310.0,200.0,2.398,11.99,6.5,17.0,"[0.5, 0.5]","[0.0, 0.816]",1.0,ZV,"[-0.5, -0.5]",True,1.581,200.0,"[0.5, 1.0, 0.5]",6.478629,13.56821,7.089581000000001,8,4.0,30.571428571428573,32.0,32.0,15.285714285714286,10.797317158587555,1.7606175646258502,0.567982519368146,0.5553165779385626,0.7085073580595453,0.0050692723961502,8.112676056338032,29.083333333333332,10.341424011479337,A,ZV,1600.0,800.0,3.0
Bridge_ZV_.5_.5_.9_1600_v3.csv,1,return,799.0,23.107,25.555,2.448,-315.0,200.0,2.397,11.78,6.5,10.3,"[0.5, 0.5]","[0.0, 0.842]",1.0,ZV,"[-0.5, -0.5]",True,1.531,200.0,"[0.5, 1.0, 0.5]",25.55502,32.6964,7.141379999999998,8,4.0,42.142857142857146,44.0,44.0,21.071428571428573,14.577510289084815,1.789896388888889,0.5586915567893672,0.5550009798638086,0.7081046984469281,0.004856788241478442,6.83453237410072,40.25,14.130734462015846,A,ZV,1600.0,800.0,3.0
Bridge_ZV_.5_.5_.9_1600_v4.csv,0,outbound,799.0,3.775,6.274,2.499,316.0,200.0,2.499,5.0,3.0,13.7,"[0.5, 0.5]","[0.0, 0.816]",1.0,ZV,"[-0.5, -0.5]",True,1.581,200.0,"[0.5, 1.0, 0.5]",6.274341,11.27256,4.998219000000001,6,3.0,22.8,24.0,24.0,11.4,8.496796782055904,1.7654385009523805,0.5664315123186345,0.5754075419817262,0.4219655307865992,0.010215236241706371,7.933333333333335,22.8,8.496796782055904,A,ZV,1600.0,800.0,4.0
Bridge_ZV_.5_.5_.9_1600_v4.csv,1,return,799.0,11.579,13.976,2.397,-310.0,200.0,2.346,10.41,6.0,7.3,"[0.5, 0.5]","[0.0, 0.841]",1.0,ZV,"[-0.5, -0.5]",True,1.555,200.0,"[0.5, 1.0, 0.5]",13.97585,21.06636,7.09051,8,4.0,25.714285714285715,27.0,27.0,12.857142857142858,9.646210415069874,1.7689745528455287,0.5652992567877388,0.5555725846002822,0.708833987248636,0.005035895333084955,7.4590163934426235,23.454545454545453,9.322234605978952,A,ZV,1600.0,800.0,4.0
Bridge_ZV_.5_.5_.9_1600_v4.csv,2,extra2,799.0,24.689,25.555,0.867,-83.0,100.0,0.867,11.78,6.5,111.9,[0.5],[0.0],0.5,unshaped,[-0.5],True,0.842,200.0,[0.5],25.55502,32.6964,7.141379999999998,8,4.0,42.142857142857146,44.0,44.0,21.071428571428573,14.577510289084815,1.789896388888889,0.5586915567893672,0.5550009798638086,0.7081046984469281,0.004856788241478442,6.83453237410072,40.25,14.130734462015846,A,ZV,1600.0,800.0,4.0
Bridge_ZV_.5_.5_.9_1800_v1.csv,0,outbound,799.0,3.877,6.478,2.602,351.0,200.0,2.602,1.78,1.0,3.4,"[0.5, 0.5]","[0.0, 0.867]",1.0,ZV,"[-0.5, -0.5]",True,1.785,200.0,"[0.5, 1.0, 0.5]",6.478223,8.26305,1.784827,2,1.0,20.0,20.0,20.0,10.0,6.866495491193343,1.6344278787878794,0.6118348891243935,0.612150951527434,0.7651886894092925,,8.181818181818183,20.0,6.866495491193343,A,ZV,1800.0,800.0,1.0
Bridge_ZV_.5_.5_.9_1800_v1.csv,1,return,799.0,8.569,11.222,2.652,-353.0,200.0,2.602,11.99,7.0,1.5,"[0.5, 0.5]","[0.0, 0.841]",1.0,ZV,"[-0.5, -0.5]",True,1.785,200.0,"[0.5, 1.0, 0.5]",11.22163,18.26041,7.038780000000001,8,4.0,26.285714285714285,27.0,27.0,13.142857142857142,9.401205195690038,1.7853572357723582,0.5601119932546121,0.5565552225606849,0.7100876977498394,0.0038873903230407358,7.578571428571428,25.615384615384617,9.246673422791307,A,ZV,1800.0,800.0,1.0
Bridge_ZV_.5_.5_.9_1800_v2.csv,0,outbound,799.0,1.629,4.281,2.652,352.0,200.0,2.601,7.96,4.5,16.7,"[0.5, 0.5]","[0.0, 0.816]",1.0,ZV,"[-0.5, -0.5]",True,1.734,200.0,"[0.5, 1.0, 0.5]",4.281366,11.32042,7.039054,8,4.0,13.571428571428571,16.0,16.0,6.785714285714286,5.040869404077249,1.754261791164659,0.5700403469063174,0.5548351626822624,0.7078931385946106,0.008836254482069686,8.191489361702125,13.5,4.970715509402921,A,ZV,1800.0,800.0,2.0
Bridge_ZV_.5_.5_.9_1800_v2.csv,1,return,799.0,12.545,15.095,2.55,-346.0,200.0,2.499,11.37,6.5,11.6,"[0.5, 0.5]","[0.0, 0.816]",1.0,ZV,"[-0.5, -0.5]",True,1.735,200.0,"[0.5, 1.0, 0.5]",15.09506,22.13399,7.038930000000001,9,4.5,9.375,5.0,10.0,4.6875,3.4054425200609977,1.7853919143239623,0.5601011139218973,0.5736892348362332,0.42070543887990436,0.0,7.8962962962963,9.083333333333334,3.3026904275691136,A,ZV,1800.0,800.0,2.0
Bridge_ZV_.5_.5_.9_2000_v1.csv,0,outbound,799.0,1.884,4.741,2.857,392.0,200.0,2.857,7.55,4.5,8.2,"[0.5, 0.5]","[0.0, 0.842]",1.0,ZV,"[-0.5, -0.5]",True,1.964,200.0,"[0.5, 1.0, 0.5]",4.740814,11.47339,6.732576,8,4.0,8.142857142857142,9.0,9.0,4.071428571428571,3.0528545238496143,1.6740798565549673,0.5973430694386744,0.5557933754949238,0.7091156859762822,0.006532651924145049,8.155555555555553,8.125,3.0728600905024086,A,ZV,2000.0,800.0,1.0
Bridge_ZV_.5_.5_.9_2000_v1.csv,1,return,799.0,12.545,15.198,2.653,-377.0,200.0,2.653,11.78,7.0,13.2,"[0.5, 0.5]","[0.0, 0.841]",1.0,ZV,"[-0.5, -0.5]",True,1.964,200.0,"[0.5, 1.0, 0.5]",15.19754,22.23621,7.03867,9,4.5,14.75,8.0,16.0,7.375,6.001600152423914,1.767467530864197,0.5657812562537167,0.5550825656605222,0.7082087906703214,0.0,8.115942028985508,15.384615384615385,5.767314779406037,A,ZV,2000.0,800.0,1.0
Bridge_ZV_.5_.5_.9_2000_v2.csv,0,outbound,799.0,2.602,5.407,2.805,391.0,200.0,2.805,4.69,3.0,6.6,"[0.5, 0.5]","[0.0, 0.816]",1.0,ZV,"[-0.5, -0.5]",True,1.938,200.0,"[0.5, 1.0, 0.5]",5.407207,10.0996,4.692393000000001,6,3.0,9.6,12.0,12.0,4.8,3.928008514730522,1.6841797758620682,0.593760840934061,0.5753453913453358,0.42191995365324625,0.050204451197140045,8.137931034482758,9.6,3.928008514730522,A,ZV,2000.0,800.0,2.0
Bridge_ZV_.5_.5_.9_2000_v2.csv,1,return,799.0,10.355,13.211,2.856,-393.0,200.0,2.856,11.98,6.5,8.1,"[0.5, 0.5]","[0.0, 0.867]",1.0,ZV,"[-0.5, -0.5]",True,1.989,200.0,"[0.5, 1.0, 0.5]",13.21132,20.7604,7.54908,9,4.5,6.0,6.0,6.0,3.0,2.054556071028352,1.754271085271317,0.5700373268395627,0.554430550117465,0.7073769087705588,0.0,7.687943262411344,5.416666666666667,1.8532499793990418,A,ZV,2000.0,800.0,2.0
Bridge_ZV_.5_.5_.9_2000_v3.csv,0,outbound,799.0,1.016,3.873,2.857,394.0,200.0,2.806,7.55,4.5,4.3,"[0.5, 0.5]","[0.0, 0.842]",1.0,ZV,"[-0.5, -0.5]",True,1.964,200.0,"[0.5, 1.0, 0.5]",3.873125,10.91186,7.038735000000001,8,4.0,15.571428571428571,14.0,16.0,7.785714285714286,5.547095315560144,1.7668623379629624,0.565975049959417,0.5552784694717856,0.7084587369122781,0.0,8.144444444444444,15.5,5.458044238880833,A,ZV,2000.0,800.0,3.0
Bridge_ZV_.5_.5_.9_2000_v3.csv,1,return,799.0,11.677,14.483,2.805,-390.0,200.0,2.805,7.35,4.5,6.9,"[0.5, 0.5]","[0.0, 0.842]",1.0,ZV,"[-0.5, -0.5]",True,1.964,200.0,"[0.5, 1.0, 0.5]",14.48253,21.47089,6.98836,9,4.5,12.25,16.0,16.0,6.125,5.012979692550517,1.782547882352942,0.5609947479671693,0.5568835414413494,0.7105065873562044,0.018676241156246866,7.910112359550562,12.25,5.004807687351766,A,ZV,2000.0,800.0,3.0
Bridge_b_1200_100_1500_v1.csv,0,outbound,1200.0,1.476,3.006,1.53,287.0,200.0,1.479,9.44,4.5,248.5,[1.0],[0.0],1.0,unshaped,[-1.0],True,1.428,200.0,[1.0],3.006354,11.83029,8.823936,8,4.0,207.42857142857142,212.0,212.0,103.71428571428571,73.47414889228284,2.2193086024061035,0.45059078260492114,0.45882111115461344,0.3058807407697423,0.0020252719490059692,0.15231788079470196,206.375,73.70235004334799,B,Unshaped,1500.0,1200.0,1.0
Bridge_b_1200_100_1500_v1.csv,1,return,1200.0,12.698,14.279,1.581,-287.0,200.0,1.53,8.88,4.0,241.7,[1.0],[0.0],1.0,unshaped,[-1.0],True,1.428,200.0,[1.0],14.27888,23.10306,8.82418,8,4.0,62.0,64.0,64.0,31.0,21.957700055242043,2.212876467236468,0.4519005081421656,0.45856975151635737,0.30571316767757156,0.004005050833078478,6.061068702290077,62.0,21.908468760687683,B,Unshaped,1500.0,1200.0,1.0
Bridge_b_1200_100_1500_v2.csv,0,outbound,1200.0,4.387,5.968,1.581,289.0,200.0,1.53,9.69,4.5,250.8,[1.0],[0.0],1.0,unshaped,[-1.0],True,1.428,200.0,[1.0],5.967967,14.79207,8.824103000000001,8,4.0,194.14285714285714,199.0,199.0,97.07142857142857,68.38314515792901,2.2174825831334934,0.45096182833910425,0.4593606679471549,0.3062404452981033,0.0019493555707228464,-1.4444444444444444,193.375,68.42064139192358,B,Unshaped,1500.0,1200.0,2.0
Bridge_b_1200_100_1500_v2.csv,1,return,1200.0,15.915,17.292,1.377,-273.0,200.0,1.377,11.99,5.5,249.7,[1.0],[0.0],1.0,unshaped,[-1.0],True,1.454,200.0,[1.0],17.2918,26.16705,8.875250000000001,8,4.0,110.0,113.0,113.0,55.0,38.73687676235366,2.214616907051282,0.45154536516723337,0.4584800469483802,0.30565336463225345,0.003681706458656131,7.125714285714283,108.2,38.563434515518104,B,Unshaped,1500.0,1200.0,2.0
Bridge_b_1200_100_1500_v3.csv,0,outbound,1200.0,1.479,3.06,1.581,286.0,200.0,1.53,11.53,5.5,236.3,[1.0],[0.0],1.0,unshaped,[-1.0],True,1.479,200.0,[1.0],3.060179,11.93548,8.875301,8,4.0,192.85714285714286,198.0,198.0,96.42857142857143,67.64074668603901,2.2115690595987716,0.4521676570124482,0.45871335186128354,0.3058089012408557,0.0022983894564892094,2.1584699453551908,190.2,67.73971417379511,B,Unshaped,1500.0,1200.0,3.0
Bridge_b_1200_100_1500_v3.csv,1,return,1200.0,14.843,16.424,1.581,-288.0,200.0,1.479,11.94,6.5,251.6,[1.0],[0.0],1.0,unshaped,[-1.0],True,1.403,200.0,[1.0],16.42428,24.12649,7.702210000000001,9,4.5,35.25,14.0,39.0,17.625,13.795690553016595,2.197267992492492,0.45511062074209735,0.4587492660011876,0.30583284400079175,0.0,6.166666666666664,56.083333333333336,25.21974307190751,B,Unshaped,1500.0,1200.0,3.0
Bridge_b_600_100_1500_v2.csv,0,outbound,601.0,5.865,7.447,1.581,287.0,200.0,1.581,4.9,3.0,37.7,[1.0],[0.0],1.0,unshaped,[-1.0],True,1.428,200.0,[1.0],7.446676,12.34372,4.897043999999999,6,3.0,86.0,90.0,90.0,43.0,31.802643966584068,1.5627142006802721,0.6399122754273849,0.6495642264652898,0.4967255849440451,0.012053508962163612,6.142857142857143,86.0,31.802643966584068,B,Unshaped,1500.0,600.0,2.0
Bridge_b_600_100_1500_v2.csv,1,return,601.0,12.599,14.027,1.428,-279.0,200.0,1.428,11.99,8.5,33.3,[1.0],[0.0],1.0,unshaped,[-1.0],True,1.581,200.0,[1.0],14.02674,20.76014,6.7334,10,5.0,93.0,15.0,111.0,46.5,37.32510462012193,1.569780157894737,0.6370318767063023,0.6298863913999484,0.7825861226484206,0.0005637598020343462,10.663265306122451,78.0625,32.707405351815666,B,Unshaped,1500.0,600.0,2.0
Bridge_b_900_100_1500_v1.csv,0,outbound,901.0,2.295,3.877,1.582,288.0,200.0,1.582,7.8,4.0,164.9,[1.0],[0.0],1.0,unshaped,[-1.0],True,1.403,200.0,[1.0],3.877185,11.52792,7.650735,8,4.0,185.28571428571428,193.0,193.0,92.64285714285714,65.40293389661245,1.9254264064615692,0.5193654749119905,0.5149841308593781,0.667572021484379,0.002911858579032027,3.2526315789473697,185.28571428571428,65.47108134951486,B,Unshaped,1500.0,900.0,1.0
Bridge_b_900_100_1500_v1.csv,1,return,901.0,11.936,13.466,1.53,-283.0,200.0,1.53,11.99,6.0,161.7,[1.0],[0.0],1.0,unshaped,[-1.0],True,1.505,200.0,[1.0],13.46618,21.01501,7.548830000000001,7,3.5,50.333333333333336,52.0,52.0,25.166666666666668,18.076122905138245,1.9129155434782608,0.5227622324515679,0.5179176487919858,0.671374729915537,0.003568448845531881,7.618055555555555,48.27272727272727,17.321709454940006,B,Unshaped,1500.0,900.0,1.0
Bridge_b_900_100_1500_v3.csv,0,outbound,901.0,1.375,2.853,1.479,281.0,200.0,1.479,4.69,2.5,164.5,[1.0],[0.0],1.0,unshaped,[-1.0],True,1.454,200.0,[1.0],2.853407,7.54596,4.692553,5,2.5,188.0,192.0,192.0,94.0,66.28316680474906,1.9219329655238833,0.52030951023696,0.5317933408534004,0.37985238632385737,0.004178972574252986,-6.610169491525425,188.0,66.28316680474906,B,Unshaped,1500.0,900.0,3.0
Bridge_b_900_100_1500_v3.csv,1,return,901.0,7.801,9.28,1.479,-279.0,200.0,1.479,11.94,6.0,158.0,[1.0],[0.0],1.0,unshaped,[-1.0],True,1.428,200.0,[1.0],9.280485,16.93264,7.652154999999999,8,4.0,288.2857142857143,296.0,296.0,144.14285714285714,104.61275391626978,1.9183669881053529,0.52127669325025,0.5148081710352915,0.6673439254161186,0.0032563360724876967,6.339506172839506,282.8181818181818,102.45246796611943,B,Unshaped,1500.0,900.0,3.0
