time_from_move_start_s,Unshaped_command_deg_s,Unshaped_actual_deg_s,Unshaped_command_pct,ZV_command_deg_s,ZV_actual_deg_s,ZV_command_pct,ZVD_command_deg_s,ZVD_actual_deg_s,ZVD_command_pct,Two-mode ZV_command_deg_s,Two-mode ZV_actual_deg_s,Two-mode ZV_command_pct
-1.0,0.0,0.01,0.0,0.0,-0.0,0.0,0.0,0.0,0.0,0.0,0.0,0.0
-0.98,0.0,-0.01,0.0,0.0,0.0,0.0,0.0,0.0,0.0,0.0,-0.0,0.0
-0.96,0.0,-0.02,0.0,0.0,0.01,0.0,0.0,-0.01,0.0,0.0,-0.02,0.0
-0.94,0.0,-0.01,0.0,0.0,0.01,0.0,0.0,0.01,0.0,0.0,-0.02,0.0
-0.92,0.0,0.01,0.0,0.0,-0.01,0.0,0.0,0.01,0.0,0.0,-0.01,0.0
-0.9,0.0,0.02,0.0,0.0,-0.02,0.0,0.0,-0.01,0.0,0.0,0.03,0.0
-0.88,0.0,0.01,0.0,0.0,-0.01,0.0,0.0,0.01,0.0,0.0,0.03,0.0
-0.86,0.0,0.02,0.0,0.0,-0.01,0.0,0.0,0.01,0.0,0.0,0.02,0.0
-0.84,0.0,0.03,0.0,0.0,-0.01,0.0,0.0,0.01,0.0,0.0,0.02,0.0
-0.82,0.0,0.01,0.0,0.0,-0.01,0.0,0.0,0.01,0.0,0.0,-0.02,0.0
-0.8,0.0,0.01,0.0,0.0,-0.01,0.0,0.0,0.01,0.0,0.0,-0.03,0.0
-0.78,0.0,0.01,0.0,0.0,-0.0,0.0,0.0,-0.0,0.0,0.0,0.03,0.0
-0.76,0.0,0.01,0.0,0.0,0.0,0.0,0.0,-0.0,0.0,0.0,0.03,0.0
-0.74,0.0,0.01,0.0,0.0,0.01,0.0,0.0,0.01,0.0,0.0,0.01,0.0
-0.72,0.0,0.0,0.0,0.0,-0.0,0.0,0.0,0.03,0.0,0.0,-0.01,0.0
-0.7,0.0,-0.0,0.0,0.0,-0.0,0.0,0.0,-0.0,0.0,0.0,0.0,0.0
-0.68,0.0,0.0,0.0,0.0,0.0,0.0,0.0,-0.0,0.0,0.0,0.02,0.0
-0.66,0.0,0.02,0.0,0.0,0.0,0.0,0.0,0.03,0.0,0.0,-0.01,0.0
-0.64,0.0,0.01,0.0,0.0,0.0,0.0,0.0,0.01,0.0,0.0,-0.01,0.0
-0.62,0.0,-0.0,0.0,0.0,0.01,0.0,0.0,0.0,0.0,0.0,0.0,0.0
-0.6,0.0,-0.0,0.0,0.0,0.02,0.0,0.0,-0.0,0.0,0.0,-0.02,0.0
-0.58,0.0,-0.0,0.0,0.0,0.0,0.0,0.0,-0.01,0.0,0.0,-0.02,0.0
-0.56,0.0,0.01,0.0,0.0,-0.0,0.0,0.0,-0.01,0.0,0.0,0.0,0.0
-0.54,0.0,0.03,0.0,0.0,-0.0,0.0,0.0,-0.0,0.0,0.0,0.03,0.0
-0.52,0.0,0.02,0.0,0.0,-0.01,0.0,0.0,0.01,0.0,0.0,-0.0,0.0
-0.5,0.0,0.01,0.0,0.0,-0.0,0.0,0.0,0.01,0.0,0.0,-0.04,0.0
-0.48,0.0,0.02,0.0,0.0,0.01,0.0,0.0,0.01,0.0,0.0,-0.01,0.0
-0.46,0.0,0.01,0.0,0.0,0.0,0.0,0.0,0.0,0.0,0.0,-0.01,0.0
-0.44,0.0,0.0,0.0,0.0,-0.0,0.0,0.0,0.01,0.0,0.0,-0.02,0.0
-0.42,0.0,-0.0,0.0,0.0,-0.0,0.0,0.0,0.01,0.0,0.0,-0.02,0.0
-0.4,0.0,0.0,0.0,0.0,-0.0,0.0,0.0,0.0,0.0,0.0,-0.0,0.0
-0.38,0.0,0.01,0.0,0.0,0.0,0.0,0.0,0.0,0.0,0.0,0.01,0.0
-0.36,0.0,0.01,0.0,0.0,0.02,0.0,0.0,0.01,0.0,0.0,-0.01,0.0
-0.34,0.0,0.0,0.0,0.0,0.01,0.0,0.0,0.0,0.0,0.0,-0.01,0.0
-0.32,0.0,-0.01,0.0,0.0,0.0,0.0,0.0,0.0,0.0,0.0,0.0,0.0
-0.3,0.0,-0.02,0.0,0.0,-0.0,0.0,0.0,0.0,0.0,0.0,0.0,0.0
-0.28,0.0,-0.01,0.0,0.0,0.0,0.0,0.0,0.0,0.0,0.0,0.01,0.0
-0.26,0.0,-0.01,0.0,0.0,-0.0,0.0,0.0,0.0,0.0,0.0,0.01,0.0
-0.24,0.0,-0.02,0.0,0.0,-0.03,0.0,0.0,-0.0,0.0,0.0,-0.02,0.0
-0.22,0.0,-0.0,0.0,0.0,-0.02,0.0,0.0,-0.01,0.0,0.0,-0.02,0.0
-0.2,0.0,0.01,0.0,0.0,-0.01,0.0,0.0,-0.0,0.0,0.0,-0.02,0.0
-0.18,0.0,0.02,0.0,0.0,-0.01,0.0,0.0,0.01,0.0,0.0,-0.02,0.0
-0.16,0.0,-0.01,0.0,0.0,0.01,0.0,0.0,0.0,0.0,0.0,-0.01,0.0
-0.14,0.0,-0.01,0.0,0.0,0.02,0.0,0.0,0.0,0.0,0.0,0.01,0.0
-0.12,0.0,0.01,0.0,0.0,-0.0,0.0,0.0,0.01,0.0,0.0,0.01,0.0
-0.1,0.0,0.01,0.0,0.0,0.0,0.0,0.0,0.01,0.0,0.0,-0.01,0.0
-0.08,0.0,-0.0,0.0,0.0,0.0,0.0,0.0,0.01,0.0,0.0,0.0,0.0
-0.06,1.05,-0.02,3.2,0.0,-0.01,0.0,0.0,0.0,0.0,0.0,0.03,0.0
-0.04,21.95,-0.04,67.7,10.8,0.36,33.3,0.0,0.0,0.0,5.4,0.19,16.7
-0.02,32.4,0.54,100.0,16.2,1.68,50.0,2.7,0.36,8.3,8.1,1.33,25.0
0.0,32.4,1.71,100.0,16.2,3.95,50.0,8.1,1.07,25.0,8.1,3.47,25.0
0.02,32.4,4.8,100.0,16.2,7.82,50.0,8.1,3.76,25.0,8.1,5.41,25.0
0.04,32.4,7.81,100.0,16.2,11.03,50.0,8.1,5.69,25.0,8.1,6.23,25.0
0.06,32.4,10.73,100.0,16.2,13.57,50.0,8.1,6.84,25.0,8.1,5.95,25.0
0.08,32.4,14.02,100.0,16.2,16.36,50.0,8.1,6.49,25.0,8.1,5.75,25.0
0.1,32.4,16.78,100.0,16.2,18.89,50.0,8.1,6.08,25.0,8.1,6.02,25.0
0.12,32.4,19.1,100.0,16.2,21.18,50.0,8.1,5.59,25.0,8.1,6.76,25.0
0.14,32.4,22.34,100.0,16.2,24.34,50.0,8.1,5.69,25.0,8.1,6.37,25.0
0.16,32.4,25.08,100.0,16.2,26.69,50.0,8.1,6.17,25.0,8.1,6.1,25.0
0.18,32.4,27.32,100.0,16.2,28.23,50.0,8.1,7.03,25.0,8.1,5.95,25.0
0.2,32.4,28.11,100.0,16.2,29.37,50.0,8.1,6.98,25.0,8.1,6.2,25.0
0.22,32.4,29.16,100.0,16.2,30.36,50.0,8.1,7.07,25.0,10.8,7.51,33.3
0.24,32.4,30.4,100.0,16.2,31.2,50.0,8.1,7.3,25.0,16.2,9.89,50.0
0.26,32.4,31.2,100.0,16.2,32.11,50.0,8.1,7.49,25.0,16.2,12.9,50.0
0.28,32.4,31.65,100.0,16.2,32.88,50.0,8.1,7.49,25.0,16.2,14.58,50.0
0.3,32.4,31.86,100.0,16.2,33.51,50.0,8.1,7.29,25.0,16.2,14.91,50.0
0.32,32.4,32.59,100.0,16.2,33.38,50.0,8.1,7.35,25.0,16.2,14.98,50.0
0.34,32.4,33.13,100.0,16.2,33.58,50.0,8.1,7.63,25.0,16.2,14.85,50.0
0.36,32.4,33.46,100.0,16.2,34.09,50.0,8.1,8.15,25.0,16.2,14.51,50.0
0.38,32.4,32.87,100.0,16.2,33.09,50.0,8.1,8.34,25.0,16.2,14.63,50.0
0.4,32.4,32.7,100.0,16.2,32.61,50.0,8.1,8.18,25.0,16.2,14.91,50.0
0.42,32.4,32.82,100.0,16.2,32.65,50.0,8.1,7.67,25.0,16.2,15.35,50.0
0.44,32.4,32.18,100.0,16.2,32.26,50.0,8.1,7.17,25.0,16.2,15.71,50.0
0.46,32.4,31.54,100.0,16.2,31.66,50.0,8.1,6.87,25.0,16.2,15.93,50.0
0.48,32.4,30.92,100.0,16.2,30.84,50.0,8.1,6.76,25.0,16.2,16.04,50.0
0.5,32.4,30.41,100.0,16.2,30.2,50.0,8.1,6.68,25.0,16.2,16.1,50.0
0.52,32.4,30.05,100.0,16.2,29.96,50.0,8.1,6.94,25.0,16.2,16.05,50.0
0.54,32.4,29.82,100.0,16.2,30.1,50.0,8.1,7.56,25.0,16.2,15.88,50.0
0.56,32.4,29.85,100.0,16.2,30.63,50.0,8.1,7.68,25.0,16.2,15.77,50.0
0.58,32.4,30.14,100.0,16.2,31.32,50.0,8.1,7.8,25.0,16.2,15.81,50.0
0.6,32.4,30.67,100.0,16.2,32.16,50.0,8.1,7.9,25.0,16.2,15.99,50.0
0.62,32.4,31.8,100.0,16.2,32.54,50.0,8.1,7.89,25.0,16.2,15.7,50.0
0.64,32.4,32.44,100.0,16.2,32.6,50.0,8.1,7.89,25.0,16.2,15.53,50.0
0.66,32.4,32.59,100.0,16.2,32.36,50.0,8.1,7.91,25.0,16.2,15.48,50.0
0.68,32.4,32.2,100.0,16.2,33.18,50.0,8.1,7.99,25.0,16.2,15.33,50.0
0.7,32.4,32.32,100.0,16.2,33.38,50.0,8.1,7.95,25.0,16.2,15.19,50.0
0.72,32.4,32.95,100.0,16.2,32.95,50.0,8.1,7.77,25.0,16.2,15.06,50.0
0.74,32.4,32.92,100.0,16.2,32.78,50.0,8.1,7.69,25.0,16.2,15.28,50.0
0.76,32.4,32.68,100.0,16.2,32.82,50.0,8.1,7.57,25.0,16.2,15.4,50.0
0.78,32.4,32.23,100.0,16.2,33.08,50.0,8.1,7.43,25.0,16.2,15.39,50.0
0.8,32.4,32.69,100.0,18.47,32.42,57.0,8.1,7.57,25.0,17.33,15.58,53.5
0.82,32.4,32.69,100.0,24.02,32.04,74.1,13.5,8.19,41.7,20.03,17.07,61.8
0.84,32.4,32.22,100.0,32.4,31.94,100.0,24.3,9.28,75.0,24.3,19.85,75.0
0.86,32.4,31.64,100.0,32.4,32.04,100.0,24.3,11.21,75.0,24.3,22.42,75.0
0.88,32.4,31.33,100.0,32.4,31.91,100.0,24.3,13.77,75.0,24.3,23.69,75.0
0.9,32.4,31.31,100.0,32.4,31.59,100.0,24.3,16.96,75.0,24.3,23.66,75.0
0.92,32.4,31.51,100.0,32.4,31.43,100.0,24.3,20.07,75.0,24.3,23.21,75.0
0.94,32.4,31.72,100.0,32.4,31.37,100.0,24.3,21.94,75.0,24.3,22.97,75.0
0.96,32.4,31.92,100.0,32.4,31.43,100.0,24.3,22.56,75.0,24.3,22.94,75.0
0.98,32.4,31.87,100.0,32.4,32.06,100.0,24.3,22.72,75.0,24.3,23.24,75.0
1.0,32.4,31.84,100.0,32.4,32.68,100.0,24.3,23.15,75.0,24.3,23.57,75.0
1.02,32.4,31.85,100.0,32.4,33.22,100.0,24.3,23.84,75.0,24.3,23.94,75.0
1.04,32.4,32.66,100.0,32.4,32.6,100.0,24.3,24.23,75.0,24.3,24.55,75.0
1.06,32.4,32.9,100.0,32.4,33.01,100.0,24.3,24.37,75.0,26.92,24.78,83.1
1.08,32.4,32.56,100.0,32.4,33.2,100.0,24.3,24.26,75.0,32.16,24.62,99.2
1.1,32.4,32.51,100.0,32.4,32.88,100.0,24.3,24.32,75.0,32.32,26.87,99.7
1.12,32.4,32.72,100.0,32.4,32.7,100.0,24.3,24.76,75.0,32.4,29.16,100.0
1.14,32.4,33.18,100.0,32.4,32.77,100.0,24.3,25.58,75.0,32.4,31.49,100.0
1.16,32.4,32.58,100.0,32.4,33.19,100.0,24.3,25.06,75.0,32.4,31.87,100.0
1.18,32.4,32.42,100.0,32.4,32.62,100.0,24.3,24.69,75.0,32.4,31.83,100.0
1.2,32.4,32.69,100.0,32.4,32.34,100.0,24.3,24.47,75.0,32.4,31.36,100.0
1.22,32.4,32.84,100.0,32.4,32.67,100.0,24.3,24.83,75.0,32.4,31.18,100.0
1.24,32.4,32.63,100.0,32.4,32.75,100.0,24.3,24.84,75.0,32.4,31.12,100.0
1.26,32.4,32.06,100.0,32.4,32.49,100.0,24.3,24.5,75.0,32.4,31.18,100.0
1.28,32.4,32.25,100.0,32.4,31.76,100.0,24.3,23.72,75.0,32.4,31.76,100.0
1.3,32.4,32.4,100.0,32.4,31.62,100.0,24.3,23.19,75.0,32.4,32.43,100.0
1.32,32.4,32.51,100.0,32.4,31.86,100.0,24.3,22.93,75.0,32.4,33.2,100.0
1.34,32.4,32.01,100.0,32.4,32.59,100.0,24.3,22.91,75.0,32.4,32.72,100.0
1.36,32.4,31.73,100.0,32.4,32.6,100.0,24.3,23.07,75.0,32.4,32.71,100.0
1.38,32.4,31.67,100.0,32.4,32.41,100.0,24.3,23.44,75.0,32.4,33.17,100.0
1.4,32.4,32.46,100.0,32.4,32.02,100.0,24.3,23.95,75.0,32.4,33.25,100.0
1.42,32.4,32.76,100.0,32.4,32.58,100.0,24.3,24.37,75.0,32.4,33.01,100.0
1.44,32.4,32.56,100.0,32.4,32.89,100.0,24.3,24.7,75.0,32.4,32.45,100.0
1.46,32.4,32.23,100.0,32.4,32.69,100.0,24.3,24.47,75.0,32.4,32.92,100.0
1.48,32.4,32.42,100.0,32.4,32.5,100.0,24.3,24.45,75.0,32.4,32.91,100.0
1.5,32.4,33.11,100.0,32.4,32.61,100.0,24.3,24.63,75.0,32.4,32.43,100.0
1.52,32.4,32.49,100.0,32.4,33.18,100.0,24.3,25.01,75.0,32.4,32.16,100.0
1.54,32.4,32.46,100.0,32.4,32.74,100.0,24.3,25.02,75.0,32.4,32.13,100.0
1.56,32.4,33.01,100.0,32.4,32.46,100.0,24.3,24.64,75.0,32.4,32.35,100.0
1.58,32.4,32.68,100.0,32.4,32.61,100.0,24.3,24.5,75.0,32.4,32.03,100.0
1.6,32.4,32.35,100.0,32.4,32.79,100.0,24.3,24.68,75.0,32.4,31.73,100.0
1.62,32.4,32.23,100.0,32.4,32.64,100.0,24.3,25.12,75.0,32.4,31.47,100.0
1.64,32.4,32.71,100.0,32.4,32.01,100.0,24.3,24.46,75.0,32.4,31.64,100.0
1.66,32.4,32.45,100.0,32.4,31.98,100.0,24.3,23.89,75.0,32.4,32.06,100.0
1.68,32.4,32.0,100.0,32.4,32.15,100.0,24.84,23.49,76.7,32.4,32.72,100.0
1.7,32.4,31.75,100.0,32.4,32.52,100.0,35.64,24.83,110.0,32.4,32.65,100.0
1.72,32.4,32.08,100.0,32.4,32.25,100.0,40.5,27.16,125.0,32.4,32.59,100.0
1.74,32.4,32.48,100.0,32.4,32.0,100.0,40.5,30.17,125.0,32.4,32.52,100.0
1.76,32.4,32.53,100.0,32.4,31.86,100.0,40.5,30.61,125.0,32.4,33.02,100.0
1.78,32.4,32.22,100.0,32.4,32.55,100.0,40.5,30.87,125.0,32.4,33.01,100.0
1.8,32.4,31.98,100.0,32.4,32.94,100.0,40.5,31.02,125.0,32.4,32.48,100.0
1.82,32.4,32.34,100.0,32.4,32.7,100.0,40.5,31.74,125.0,32.4,32.78,100.0
1.84,32.4,32.8,100.0,32.4,32.29,100.0,40.5,32.29,125.0,32.4,32.93,100.0
1.86,32.4,33.0,100.0,32.4,32.32,100.0,40.5,32.71,125.0,32.4,32.95,100.0
1.88,32.4,32.35,100.0,32.4,33.02,100.0,40.5,32.6,125.0,32.4,32.27,100.0
1.9,32.4,32.29,100.0,32.4,32.83,100.0,40.5,32.88,125.0,32.4,32.1,100.0
1.92,32.4,32.47,100.0,32.4,32.56,100.0,40.5,33.56,125.0,32.4,32.46,100.0
1.94,32.4,32.8,100.0,32.4,32.31,100.0,40.5,33.09,125.0,32.4,32.63,100.0
1.96,32.4,32.53,100.0,32.4,32.63,100.0,40.5,33.06,125.0,32.4,32.37,100.0
1.98,32.4,32.19,100.0,32.4,32.68,100.0,40.5,33.48,125.0,32.4,31.69,100.0
2.0,32.4,32.23,100.0,32.4,32.25,100.0,40.5,33.28,125.0,32.4,31.63,100.0
2.02,32.4,32.4,100.0,32.4,31.94,100.0,40.5,32.88,125.0,32.4,31.97,100.0
2.04,32.4,32.47,100.0,32.4,31.95,100.0,40.5,32.28,125.0,32.4,32.7,100.0
2.06,32.4,32.09,100.0,32.4,32.41,100.0,40.5,32.78,125.0,32.4,32.84,100.0
2.08,32.4,31.91,100.0,32.4,32.42,100.0,40.5,32.94,125.0,32.4,32.65,100.0
2.1,32.4,31.97,100.0,32.4,32.26,100.0,40.5,32.78,125.0,32.4,32.1,100.0
2.12,32.4,32.56,100.0,32.4,31.95,100.0,40.5,31.97,125.0,32.4,32.45,100.0
2.14,32.4,32.56,100.0,32.4,32.25,100.0,40.5,31.62,125.0,32.4,32.71,100.0
2.16,32.4,32.35,100.0,32.4,32.54,100.0,40.5,31.72,125.0,32.4,32.88,100.0
2.18,32.4,32.07,100.0,32.4,32.74,100.0,40.5,32.22,125.0,32.4,32.43,100.0
2.2,32.4,32.38,100.0,32.4,32.39,100.0,40.5,32.39,125.0,32.4,32.4,100.0
2.22,32.4,32.76,100.0,32.4,32.12,100.0,40.5,32.25,125.0,32.4,32.8,100.0
2.24,32.4,32.74,100.0,32.4,32.1,100.0,40.5,32.02,125.0,32.4,32.65,100.0
2.26,32.4,32.43,100.0,32.4,32.6,100.0,40.5,32.27,125.0,32.4,32.35,100.0
2.28,32.4,32.21,100.0,32.4,32.75,100.0,40.5,33.0,125.0,32.4,31.91,100.0
2.3,32.4,32.62,100.0,32.4,32.3,100.0,40.5,32.83,125.0,32.4,32.24,100.0
2.32,32.4,32.53,100.0,32.4,31.99,100.0,40.5,32.69,125.0,32.4,32.44,100.0
2.34,32.4,32.25,100.0,32.4,32.03,100.0,40.5,32.57,125.0,32.4,32.52,100.0
2.36,32.4,31.87,100.0,32.4,32.57,100.0,40.5,33.09,125.0,32.4,32.05,100.0
2.38,32.4,32.13,100.0,32.4,32.52,100.0,40.5,33.05,125.0,32.4,31.91,100.0
2.4,32.4,32.53,100.0,32.4,32.27,100.0,40.5,32.43,125.0,32.4,32.1,100.0
2.42,32.4,32.68,100.0,32.4,31.82,100.0,40.5,32.72,125.0,32.4,32.71,100.0
2.44,32.4,32.29,100.0,32.4,32.16,100.0,40.5,32.93,125.0,32.4,32.8,100.0
2.46,32.4,31.91,100.0,32.4,32.53,100.0,40.5,32.86,125.0,32.4,32.37,100.0
2.48,32.4,32.1,100.0,32.4,32.81,100.0,40.5,32.3,125.0,32.4,32.32,100.0
2.5,32.4,32.64,100.0,32.4,32.29,100.0,40.5,32.09,125.0,32.4,32.56,100.0
2.52,32.4,32.97,100.0,32.4,31.98,100.0,40.5,32.48,125.0,32.4,33.08,100.0
2.54,32.4,32.28,100.0,32.4,32.12,100.0,40.5,32.45,125.0,32.4,32.46,100.0
2.56,32.4,31.99,100.0,32.4,32.64,100.0,40.5,32.18,125.0,32.4,32.1,100.0
2.58,32.4,32.04,100.0,32.4,32.76,100.0,40.5,31.62,125.0,32.4,32.0,100.0
2.6,32.4,32.67,100.0,32.4,32.22,100.0,40.5,31.63,125.0,32.4,32.66,100.0
2.62,32.4,32.63,100.0,32.4,32.07,100.0,40.5,32.04,125.0,32.4,32.73,100.0
2.64,32.4,32.33,100.0,32.4,32.23,100.0,40.5,32.95,125.0,32.4,32.23,100.0
2.66,32.4,31.96,100.0,32.4,32.79,100.0,40.5,32.71,125.0,32.4,31.9,100.0
2.68,32.4,32.22,100.0,32.4,32.54,100.0,40.5,32.4,125.0,32.4,32.1,100.0
2.7,32.4,32.55,100.0,32.4,32.3,100.0,40.5,32.17,125.0,32.4,32.83,100.0
2.72,32.4,32.48,100.0,32.4,32.21,100.0,40.5,32.76,125.0,32.4,32.7,100.0
2.74,32.4,32.28,100.0,32.4,32.6,100.0,40.5,33.01,125.0,32.4,32.44,100.0
2.76,32.4,32.22,100.0,32.4,32.73,100.0,40.5,32.62,125.0,32.4,32.03,100.0
2.78,32.4,32.67,100.0,32.4,32.37,100.0,40.5,32.57,125.0,32.4,32.45,100.0
2.8,32.4,32.78,100.0,32.4,32.19,100.0,40.5,32.68,125.0,32.4,32.62,100.0
2.82,32.4,32.66,100.0,32.4,32.3,100.0,40.5,32.97,125.0,32.4,32.54,100.0
2.84,32.4,32.18,100.0,32.4,32.82,100.0,40.5,32.54,125.0,32.4,32.22,100.0
2.86,32.4,32.21,100.0,32.4,32.64,100.0,40.5,32.06,125.0,32.4,32.28,100.0
2.88,32.4,32.47,100.0,32.4,32.4,100.0,40.5,32.09,125.0,32.4,32.7,100.0
2.9,32.4,32.9,100.0,32.4,32.17,100.0,40.5,32.37,125.0,32.4,32.58,100.0
2.92,32.4,32.6,100.0,32.4,32.54,100.0,40.5,32.57,125.0,32.4,32.34,100.0
2.94,32.4,32.18,100.0,32.4,32.65,100.0,40.5,32.26,125.0,32.4,31.97,100.0
2.96,32.4,32.19,100.0,32.4,32.27,100.0,40.5,32.06,125.0,32.4,32.38,100.0
2.98,32.4,32.49,100.0,32.4,32.06,100.0,40.5,32.09,125.0,32.4,32.56,100.0
3.0,32.4,32.69,100.0,32.4,32.22,100.0,40.5,32.7,125.0,32.4,32.54,100.0
3.02,32.4,32.31,100.0,32.4,32.9,100.0,40.5,32.68,125.0,32.4,32.2,100.0
3.04,32.4,32.1,100.0,32.4,32.7,100.0,40.5,32.46,125.0,32.4,32.16,100.0
3.06,32.4,32.14,100.0,32.4,32.31,100.0,40.5,32.3,125.0,32.4,32.42,100.0
3.08,32.4,32.77,100.0,32.4,31.77,100.0,40.5,32.8,125.0,32.4,32.68,100.0
3.1,32.4,32.6,100.0,32.4,32.2,100.0,40.5,33.19,125.0,32.4,32.52,100.0
3.12,32.4,32.21,100.0,32.4,32.61,100.0,40.5,32.6,125.0,32.4,31.92,100.0
3.14,32.4,31.94,100.0,32.4,32.83,100.0,40.5,32.13,125.0,32.4,32.19,100.0
3.16,32.4,32.41,100.0,32.4,32.33,100.0,40.5,31.99,125.0,32.4,32.62,100.0
3.18,32.4,32.88,100.0,32.4,32.1,100.0,40.5,32.71,125.0,32.4,33.2,100.0
3.2,32.4,32.58,100.0,32.4,32.43,100.0,40.5,32.74,125.0,32.4,32.5,100.0
3.22,32.4,32.2,100.0,32.4,32.62,100.0,40.5,32.47,125.0,32.4,32.17,100.0
3.24,32.4,32.04,100.0,32.4,32.56,100.0,40.5,31.99,125.0,32.4,32.2,100.0
3.26,32.4,32.63,100.0,32.4,32.18,100.0,40.5,32.21,125.0,32.4,32.72,100.0
3.28,32.4,32.71,100.0,32.4,32.33,100.0,40.5,32.54,125.0,32.4,32.77,100.0
3.3,32.4,32.52,100.0,32.4,32.5,100.0,40.5,32.53,125.0,32.4,32.35,100.0
3.32,32.4,32.02,100.0,32.4,32.64,100.0,40.5,32.28,125.0,32.4,32.33,100.0
3.34,32.4,32.2,100.0,32.4,32.25,100.0,40.5,32.05,125.0,32.4,32.45,100.0
3.36,32.4,32.53,100.0,32.4,32.09,100.0,40.5,32.1,125.0,32.4,32.71,100.0
3.38,32.4,32.63,100.0,32.4,32.36,100.0,40.5,32.46,125.0,32.4,32.58,100.0
3.4,32.4,32.35,100.0,32.4,32.72,100.0,40.5,32.71,125.0,32.4,32.32,100.0
3.42,32.4,32.14,100.0,32.4,32.72,100.0,40.5,32.33,125.0,32.4,31.94,100.0
3.44,32.4,32.56,100.0,32.4,32.18,100.0,40.5,32.23,125.0,32.4,32.37,100.0
3.46,32.4,32.69,100.0,32.4,32.27,100.0,40.5,32.35,125.0,32.4,32.6,100.0
3.48,32.4,32.61,100.0,32.4,32.49,100.0,40.5,32.82,125.0,32.4,32.63,100.0
3.5,32.4,32.23,100.0,32.4,32.82,100.0,40.5,32.59,125.0,32.4,32.23,100.0
3.52,32.4,32.39,100.0,32.4,32.63,100.0,40.5,32.21,125.0,32.4,32.25,100.0
3.54,32.4,32.63,100.0,32.4,32.32,100.0,40.5,32.12,125.0,32.4,32.69,100.0
3.56,32.4,32.59,100.0,32.4,31.9,100.0,40.5,32.51,125.0,32.4,32.7,100.0
3.58,32.4,32.28,100.0,32.4,32.22,100.0,40.5,32.84,125.0,32.4,32.47,100.0
3.6,32.4,32.06,100.0,32.4,32.49,100.0,40.5,32.48,125.0,32.4,31.97,100.0
3.62,32.4,32.37,100.0,32.4,32.55,100.0,40.5,32.2,125.0,32.4,32.36,100.0
3.64,32.4,32.62,100.0,32.4,32.21,100.0,40.5,32.15,125.0,32.4,32.56,100.0
3.66,32.4,32.64,100.0,32.4,32.11,100.0,40.5,32.78,125.0,32.4,32.59,100.0
3.68,32.4,32.07,100.0,32.4,32.43,100.0,40.5,32.67,125.0,32.4,32.22,100.0
3.7,32.4,32.06,100.0,32.4,32.66,100.0,40.5,32.33,125.0,32.4,32.16,100.0
3.72,32.4,32.34,100.0,32.4,32.54,100.0,40.5,32.04,125.0,32.4,32.42,100.0
3.74,32.4,32.92,100.0,32.4,31.93,100.0,40.5,32.5,125.0,32.4,32.6,100.0
3.76,32.4,32.57,100.0,32.4,32.05,100.0,40.5,32.93,125.0,32.4,32.72,100.0
3.78,32.4,32.04,100.0,32.4,32.46,100.0,40.5,32.51,125.0,32.4,32.18,100.0
3.8,32.4,31.86,100.0,32.4,33.15,100.0,40.5,32.08,125.0,32.4,32.03,100.0
3.82,32.4,32.38,100.0,32.4,32.59,100.0,40.5,31.91,125.0,32.4,32.2,100.0
3.84,32.4,32.86,100.0,32.4,32.08,100.0,40.5,32.56,125.0,32.4,32.87,100.0
3.86,32.4,32.54,100.0,32.4,31.84,100.0,40.5,32.76,125.0,32.4,32.79,100.0
3.88,32.4,32.19,100.0,32.4,32.41,100.0,40.5,32.66,125.0,32.4,32.23,100.0
3.9,32.4,32.02,100.0,32.4,32.72,100.0,40.5,32.11,125.0,32.4,32.08,100.0
3.92,32.4,32.47,100.0,32.4,32.51,100.0,40.5,32.24,125.0,32.4,32.41,100.0
3.94,32.4,32.53,100.0,32.4,32.18,100.0,40.5,32.51,125.0,31.86,32.95,98.3
3.96,27.0,32.18,83.3,27.93,32.19,86.2,40.5,32.57,125.0,26.46,32.58,81.7
3.98,5.4,31.01,16.7,16.76,32.71,51.7,36.45,32.31,112.5,24.3,30.81,75.0
4.0,0.0,28.76,0.0,16.2,32.54,50.0,32.4,32.12,100.0,24.3,28.18,75.0
4.02,0.0,25.93,0.0,16.2,32.31,50.0,32.4,32.46,100.0,24.3,26.26,75.0
4.04,0.0,22.51,0.0,16.2,32.05,50.0,32.4,32.61,100.0,24.3,25.14,75.0
4.06,0.0,19.89,0.0,16.2,32.6,50.0,32.4,32.57,100.0,24.3,24.6,75.0
4.08,0.0,17.34,0.0,16.2,32.78,50.0,32.4,32.14,100.0,24.3,24.59,75.0
4.1,0.0,14.19,0.0,16.2,32.47,50.0,32.4,32.21,100.0,24.3,24.91,75.0
4.12,0.0,11.43,0.0,16.2,32.15,50.0,32.4,32.46,100.0,24.3,25.35,75.0
4.14,0.0,8.64,0.0,16.2,32.19,50.0,32.4,32.75,100.0,24.3,24.84,75.0
4.16,0.0,5.41,0.0,16.2,32.67,50.0,32.4,32.48,100.0,24.3,24.38,75.0
4.18,0.0,3.84,0.0,16.2,32.59,50.0,32.4,32.18,100.0,24.3,24.03,75.0
4.2,0.0,2.57,0.0,16.2,32.36,50.0,32.4,32.34,100.0,24.3,24.43,75.0
4.22,0.0,0.53,0.0,16.2,32.0,50.0,32.4,32.67,100.0,21.06,24.31,65.0
4.24,0.0,0.08,0.0,16.2,32.49,50.0,32.4,32.81,100.0,16.2,23.54,50.0
4.26,0.0,0.13,0.0,16.2,32.72,50.0,32.4,32.19,100.0,16.2,19.83,50.0
4.28,0.0,0.07,0.0,16.2,32.59,50.0,32.4,32.15,100.0,16.2,17.53,50.0
4.3,0.0,-0.08,0.0,16.2,32.13,50.0,32.4,32.42,100.0,16.2,16.36,50.0
4.32,0.0,-0.2,0.0,16.2,32.06,50.0,32.4,33.0,100.0,16.2,16.38,50.0
4.34,0.0,-0.14,0.0,16.2,32.49,50.0,32.4,32.63,100.0,16.2,16.37,50.0
4.36,0.0,-0.05,0.0,16.2,32.68,50.0,32.4,32.06,100.0,16.2,16.37,50.0
4.38,0.0,0.04,0.0,16.2,32.5,50.0,32.4,31.86,100.0,16.2,16.49,50.0
4.4,0.0,0.06,0.0,16.2,31.91,50.0,32.4,32.33,100.0,16.2,16.73,50.0
4.42,0.0,0.11,0.0,16.2,32.03,50.0,32.4,32.77,100.0,16.2,17.04,50.0
4.44,0.0,0.15,0.0,16.2,32.36,50.0,32.4,32.49,100.0,16.2,17.24,50.0
4.46,0.0,0.09,0.0,16.2,32.91,50.0,32.4,32.14,100.0,16.2,17.06,50.0
4.48,0.0,0.18,0.0,16.2,32.39,50.0,32.4,31.99,100.0,16.2,16.62,50.0
4.5,0.0,0.25,0.0,16.2,32.03,50.0,32.4,32.49,100.0,16.2,16.13,50.0
4.52,0.0,0.09,0.0,16.2,31.95,50.0,32.4,32.53,100.0,16.2,15.78,50.0
4.54,0.0,0.04,0.0,16.2,32.51,50.0,32.4,32.36,100.0,16.2,15.52,50.0
4.56,0.0,0.01,0.0,16.2,32.73,50.0,32.4,32.0,100.0,16.2,15.27,50.0
4.58,0.0,-0.03,0.0,16.2,32.4,50.0,32.4,32.19,100.0,16.2,15.12,50.0
4.6,0.0,-0.07,0.0,16.2,32.13,50.0,32.4,32.49,100.0,16.2,15.09,50.0
4.62,0.0,-0.07,0.0,16.2,32.19,50.0,32.4,32.58,100.0,16.2,15.58,50.0
4.64,0.0,0.03,0.0,16.2,32.67,50.0,32.4,32.44,100.0,16.2,15.92,50.0
4.66,0.0,0.02,0.0,16.2,32.52,50.0,32.4,32.22,100.0,16.2,16.18,50.0
4.68,0.0,-0.03,0.0,16.2,32.25,50.0,32.4,32.01,100.0,16.2,16.52,50.0
4.7,0.0,-0.06,0.0,16.2,31.94,50.0,32.4,32.32,100.0,16.2,16.61,50.0
4.72,0.0,-0.05,0.0,16.2,32.37,50.0,32.4,32.64,100.0,16.2,16.53,50.0
4.74,0.0,-0.02,0.0,16.2,32.62,50.0,32.4,32.46,100.0,16.2,16.36,50.0
4.76,0.0,0.01,0.0,16.2,32.46,50.0,32.4,32.18,100.0,16.2,16.18,50.0
4.78,0.0,0.02,0.0,16.2,32.1,50.0,32.4,32.06,100.0,16.2,16.02,50.0
4.8,0.0,0.02,0.0,11.5,31.9,35.5,32.4,32.54,100.0,16.2,16.12,50.0
4.82,0.0,-0.01,0.0,1.05,31.91,3.2,32.4,32.59,100.0,12.96,15.56,40.0
4.84,0.0,-0.0,0.0,0.0,30.06,0.0,29.7,32.13,91.7,8.1,14.33,25.0
4.86,0.0,0.0,0.0,0.0,27.65,0.0,18.9,30.56,58.3,8.1,11.03,25.0
4.88,0.0,-0.0,0.0,0.0,24.83,0.0,16.2,28.26,50.0,8.1,9.22,25.0
4.9,0.0,0.01,0.0,0.0,21.78,0.0,16.2,25.5,50.0,8.1,8.5,25.0
4.92,0.0,0.02,0.0,0.0,18.87,0.0,16.2,22.1,50.0,8.1,8.72,25.0
4.94,0.0,0.01,0.0,0.0,16.23,0.0,16.2,19.75,50.0,8.1,8.85,25.0
4.96,0.0,-0.02,0.0,0.0,12.81,0.0,16.2,18.21,50.0,8.1,8.9,25.0
4.98,0.0,-0.03,0.0,0.0,9.51,0.0,16.2,18.0,50.0,8.1,8.76,25.0
5.0,0.0,-0.01,0.0,0.0,6.52,0.0,16.2,17.87,50.0,8.1,8.54,25.0
5.02,0.0,0.0,0.0,0.0,4.51,0.0,16.2,17.8,50.0,8.1,8.27,25.0
5.04,0.0,0.01,0.0,0.0,2.71,0.0,16.2,17.8,50.0,8.1,8.08,25.0
5.06,0.0,0.01,0.0,0.0,1.08,0.0,16.2,17.24,50.0,8.1,7.83,25.0
5.08,0.0,0.02,0.0,0.0,0.34,0.0,16.2,16.54,50.0,7.29,7.39,22.5
5.1,0.0,0.01,0.0,0.0,-0.07,0.0,16.2,16.0,50.0,1.89,6.12,5.8
5.12,0.0,0.01,0.0,0.0,-0.12,0.0,16.2,15.27,50.0,0.0,4.51,0.0
5.14,0.0,-0.03,0.0,0.0,-0.22,0.0,16.2,14.57,50.0,0.0,2.69,0.0
5.16,0.0,-0.04,0.0,0.0,-0.33,0.0,16.2,14.18,50.0,0.0,0.78,0.0
5.18,0.0,0.01,0.0,0.0,-0.44,0.0,16.2,14.17,50.0,0.0,0.05,0.0
5.2,0.0,0.01,0.0,0.0,-0.34,0.0,16.2,14.41,50.0,0.0,-0.04,0.0
5.22,0.0,-0.0,0.0,0.0,-0.19,0.0,16.2,15.0,50.0,0.0,0.01,0.0
5.24,0.0,-0.03,0.0,0.0,-0.01,0.0,16.2,15.38,50.0,0.0,0.03,0.0
5.26,0.0,-0.04,0.0,0.0,0.08,0.0,16.2,15.72,50.0,0.0,0.03,0.0
5.28,0.0,-0.04,0.0,0.0,0.13,0.0,16.2,16.29,50.0,0.0,0.02,0.0
5.3,0.0,-0.02,0.0,0.0,0.12,0.0,16.2,16.69,50.0,0.0,-0.01,0.0
5.32,0.0,-0.0,0.0,0.0,0.07,0.0,16.2,16.97,50.0,0.0,-0.04,0.0
5.34,0.0,0.01,0.0,0.0,0.06,0.0,16.2,17.03,50.0,0.0,-0.02,0.0
5.36,0.0,0.01,0.0,0.0,0.11,0.0,16.2,16.86,50.0,0.0,-0.02,0.0
5.38,0.0,0.01,0.0,0.0,0.13,0.0,16.2,16.6,50.0,0.0,-0.02,0.0
5.4,0.0,-0.0,0.0,0.0,0.11,0.0,16.2,16.41,50.0,0.0,-0.01,0.0
5.42,0.0,-0.02,0.0,0.0,0.03,0.0,16.2,16.53,50.0,0.0,-0.02,0.0
5.44,0.0,0.0,0.0,0.0,-0.01,0.0,16.2,16.73,50.0,0.0,-0.03,0.0
5.46,0.0,0.02,0.0,0.0,-0.02,0.0,16.2,16.76,50.0,0.0,0.02,0.0
5.48,0.0,0.01,0.0,0.0,0.02,0.0,16.2,16.27,50.0,0.0,0.02,0.0
5.5,0.0,0.01,0.0,0.0,0.01,0.0,16.2,15.67,50.0,0.0,0.01,0.0
5.52,0.0,-0.0,0.0,0.0,-0.0,0.0,16.2,15.52,50.0,0.0,0.01,0.0
5.54,0.0,-0.02,0.0,0.0,-0.0,0.0,16.2,15.35,50.0,0.0,0.01,0.0
5.56,0.0,-0.01,0.0,0.0,0.03,0.0,16.2,15.15,50.0,0.0,-0.0,0.0
5.58,0.0,0.02,0.0,0.0,0.05,0.0,16.2,14.91,50.0,0.0,0.01,0.0
5.6,0.0,-0.01,0.0,0.0,0.04,0.0,16.2,14.99,50.0,0.0,0.01,0.0
5.62,0.0,-0.02,0.0,0.0,0.02,0.0,16.2,15.22,50.0,0.0,0.01,0.0
5.64,0.0,-0.01,0.0,0.0,0.01,0.0,16.2,15.52,50.0,0.0,0.0,0.0
5.66,0.0,-0.01,0.0,0.0,0.02,0.0,16.2,16.05,50.0,0.0,-0.02,0.0
5.68,0.0,-0.0,0.0,0.0,0.02,0.0,15.34,16.62,47.3,0.0,-0.03,0.0
5.7,0.0,0.02,0.0,0.0,0.01,0.0,11.02,16.96,34.0,0.0,-0.01,0.0
5.72,0.0,0.02,0.0,0.0,0.0,0.0,5.18,15.7,16.0,0.0,-0.0,0.0
5.74,0.0,0.0,0.0,0.0,0.01,0.0,0.0,13.41,0.0,0.0,-0.01,0.0
5.76,0.0,-0.02,0.0,0.0,0.0,0.0,0.0,9.73,0.0,0.0,0.02,0.0
5.78,0.0,-0.01,0.0,0.0,-0.01,0.0,0.0,6.63,0.0,0.0,0.02,0.0
5.8,0.0,0.0,0.0,0.0,-0.01,0.0,0.0,3.77,0.0,0.0,-0.0,0.0
5.82,0.0,0.01,0.0,0.0,-0.01,0.0,0.0,0.85,0.0,0.0,-0.03,0.0
5.84,0.0,0.01,0.0,0.0,-0.01,0.0,0.0,0.65,0.0,0.0,-0.03,0.0
5.86,0.0,0.02,0.0,0.0,-0.01,0.0,0.0,1.47,0.0,0.0,-0.02,0.0
5.88,0.0,0.03,0.0,0.0,-0.01,0.0,0.0,1.63,0.0,0.0,-0.04,0.0
5.9,0.0,0.04,0.0,0.0,0.01,0.0,0.0,0.83,0.0,0.0,-0.03,0.0
5.92,0.0,0.04,0.0,0.0,0.0,0.0,0.0,-0.12,0.0,0.0,-0.01,0.0
5.94,0.0,-0.0,0.0,0.0,-0.0,0.0,0.0,-0.05,0.0,0.0,0.01,0.0
5.96,0.0,0.02,0.0,0.0,-0.0,0.0,0.0,-0.12,0.0,0.0,0.01,0.0
5.98,0.0,0.04,0.0,0.0,0.01,0.0,0.0,-0.22,0.0,0.0,-0.0,0.0
6.0,0.0,0.03,0.0,0.0,0.01,0.0,0.0,-0.21,0.0,0.0,-0.0,0.0
6.02,0.0,0.01,0.0,0.0,0.0,0.0,0.0,-0.13,0.0,0.0,0.01,0.0
6.04,0.0,-0.0,0.0,0.0,-0.0,0.0,0.0,-0.02,0.0,0.0,0.02,0.0
6.06,0.0,-0.01,0.0,0.0,-0.0,0.0,0.0,0.05,0.0,0.0,0.01,0.0
6.08,0.0,-0.01,0.0,0.0,-0.0,0.0,0.0,0.09,0.0,0.0,-0.0,0.0
6.1,0.0,-0.01,0.0,0.0,-0.01,0.0,0.0,0.11,0.0,0.0,-0.01,0.0
6.12,0.0,-0.01,0.0,0.0,-0.02,0.0,0.0,0.13,0.0,0.0,-0.01,0.0
6.14,0.0,-0.0,0.0,0.0,-0.02,0.0,0.0,0.08,0.0,0.0,0.0,0.0
6.16,0.0,0.0,0.0,0.0,-0.03,0.0,0.0,0.03,0.0,0.0,0.01,0.0
6.18,0.0,0.02,0.0,0.0,-0.03,0.0,0.0,0.06,0.0,0.0,-0.0,0.0
6.2,0.0,0.01,0.0,0.0,-0.02,0.0,0.0,0.06,0.0,0.0,-0.0,0.0
6.22,0.0,-0.0,0.0,0.0,-0.03,0.0,0.0,0.04,0.0,0.0,0.0,0.0
6.24,0.0,-0.0,0.0,0.0,-0.03,0.0,0.0,0.01,0.0,0.0,0.03,0.0
6.26,0.0,-0.0,0.0,0.0,-0.0,0.0,0.0,0.0,0.0,0.0,0.01,0.0
6.28,0.0,-0.01,0.0,0.0,0.0,0.0,0.0,0.01,0.0,0.0,-0.02,0.0
6.3,0.0,-0.01,0.0,0.0,0.0,0.0,0.0,-0.0,0.0,0.0,-0.01,0.0
6.32,0.0,-0.0,0.0,0.0,0.0,0.0,0.0,0.0,0.0,0.0,-0.01,0.0
6.34,0.0,-0.01,0.0,0.0,-0.01,0.0,0.0,0.01,0.0,0.0,-0.01,0.0
6.36,0.0,-0.03,0.0,0.0,-0.0,0.0,0.0,-0.0,0.0,0.0,-0.0,0.0
6.38,0.0,-0.04,0.0,0.0,0.02,0.0,0.0,0.0,0.0,0.0,0.01,0.0
6.4,0.0,-0.02,0.0,0.0,0.02,0.0,0.0,0.01,0.0,0.0,0.01,0.0
6.42,0.0,0.01,0.0,0.0,0.01,0.0,0.0,0.03,0.0,0.0,0.0,0.0
6.44,0.0,0.02,0.0,0.0,-0.0,0.0,0.0,0.01,0.0,0.0,0.02,0.0
6.46,0.0,0.02,0.0,0.0,-0.01,0.0,0.0,-0.01,0.0,0.0,0.05,0.0
6.48,0.0,0.03,0.0,0.0,-0.02,0.0,0.0,-0.02,0.0,0.0,0.03,0.0
6.5,0.0,0.02,0.0,0.0,-0.03,0.0,0.0,-0.01,0.0,0.0,0.0,0.0
6.52,0.0,0.0,0.0,0.0,-0.01,0.0,0.0,0.01,0.0,0.0,-0.03,0.0
6.54,0.0,-0.01,0.0,0.0,-0.0,0.0,0.0,0.02,0.0,0.0,-0.01,0.0
6.56,0.0,0.02,0.0,0.0,-0.0,0.0,0.0,0.02,0.0,0.0,0.01,0.0
6.58,0.0,0.03,0.0,0.0,-0.0,0.0,0.0,0.03,0.0,0.0,0.02,0.0
6.6,0.0,0.02,0.0,0.0,0.0,0.0,0.0,0.0,0.0,0.0,0.01,0.0
6.62,0.0,0.02,0.0,0.0,0.01,0.0,0.0,-0.01,0.0,0.0,0.01,0.0
6.64,0.0,0.0,0.0,0.0,0.0,0.0,0.0,-0.02,0.0,0.0,0.02,0.0
6.66,0.0,-0.02,0.0,0.0,0.0,0.0,0.0,0.02,0.0,0.0,0.01,0.0
6.68,0.0,-0.01,0.0,0.0,0.01,0.0,0.0,0.01,0.0,0.0,0.02,0.0
6.7,0.0,0.01,0.0,0.0,0.0,0.0,0.0,-0.0,0.0,0.0,0.03,0.0
6.72,0.0,0.03,0.0,0.0,0.0,0.0,0.0,0.02,0.0,0.0,0.01,0.0
6.74,0.0,-0.01,0.0,0.0,0.0,0.0,0.0,0.01,0.0,0.0,0.0,0.0
6.76,0.0,-0.0,0.0,0.0,-0.01,0.0,0.0,0.01,0.0,0.0,0.0,0.0
6.78,0.0,0.04,0.0,0.0,-0.02,0.0,0.0,0.01,0.0,0.0,-0.0,0.0
6.8,0.0,0.03,0.0,0.0,0.01,0.0,0.0,0.01,0.0,0.0,-0.0,0.0
6.82,0.0,0.02,0.0,0.0,0.03,0.0,0.0,-0.0,0.0,0.0,0.0,0.0
6.84,0.0,0.03,0.0,0.0,0.03,0.0,0.0,-0.02,0.0,0.0,0.03,0.0
6.86,0.0,0.01,0.0,0.0,0.0,0.0,0.0,-0.0,0.0,0.0,0.02,0.0
6.88,0.0,0.01,0.0,0.0,-0.02,0.0,0.0,0.01,0.0,0.0,-0.0,0.0
6.9,0.0,0.03,0.0,0.0,-0.03,0.0,0.0,-0.0,0.0,0.0,0.0,0.0
6.92,0.0,0.02,0.0,0.0,-0.01,0.0,0.0,-0.0,0.0,0.0,0.01,0.0
6.94,0.0,0.01,0.0,0.0,0.02,0.0,0.0,-0.0,0.0,0.0,0.0,0.0
6.96,0.0,-0.01,0.0,0.0,0.03,0.0,0.0,0.0,0.0,0.0,0.01,0.0
6.98,0.0,-0.01,0.0,0.0,0.0,0.0,0.0,-0.01,0.0,0.0,0.01,0.0
7.0,0.0,-0.01,0.0,0.0,0.01,0.0,0.0,-0.0,0.0,0.0,0.01,0.0
7.02,0.0,-0.01,0.0,0.0,0.01,0.0,0.0,0.03,0.0,0.0,0.0,0.0
7.04,0.0,0.02,0.0,0.0,0.01,0.0,0.0,-0.0,0.0,0.0,0.0,0.0
7.06,0.0,0.03,0.0,0.0,-0.0,0.0,0.0,-0.03,0.0,0.0,0.01,0.0
7.08,0.0,0.03,0.0,0.0,-0.01,0.0,0.0,-0.0,0.0,0.0,0.02,0.0
7.1,0.0,0.03,0.0,0.0,-0.01,0.0,0.0,-0.01,0.0,0.0,0.02,0.0
7.12,0.0,0.02,0.0,0.0,-0.03,0.0,0.0,-0.01,0.0,0.0,0.01,0.0
7.14,0.0,0.0,0.0,0.0,-0.02,0.0,0.0,0.01,0.0,0.0,0.01,0.0
7.16,0.0,0.0,0.0,0.0,0.03,0.0,0.0,0.01,0.0,0.0,-0.01,0.0
7.18,0.0,0.0,0.0,0.0,0.04,0.0,0.0,-0.01,0.0,0.0,-0.02,0.0
7.2,0.0,0.0,0.0,0.0,0.03,0.0,0.0,-0.04,0.0,0.0,0.01,0.0
7.22,0.0,-0.01,0.0,0.0,0.0,0.0,0.0,-0.02,0.0,0.0,0.02,0.0
7.24,0.0,-0.01,0.0,0.0,-0.0,0.0,0.0,0.0,0.0,0.0,0.01,0.0
7.26,0.0,0.01,0.0,0.0,0.01,0.0,0.0,0.02,0.0,0.0,-0.0,0.0
7.28,0.0,0.02,0.0,0.0,0.05,0.0,0.0,0.0,0.0,0.0,-0.01,0.0
7.3,0.0,0.03,0.0,0.0,0.03,0.0,0.0,-0.01,0.0,0.0,-0.01,0.0
7.32,0.0,0.01,0.0,0.0,0.0,0.0,0.0,-0.01,0.0,0.0,-0.01,0.0
7.34,0.0,-0.0,0.0,0.0,-0.01,0.0,0.0,-0.02,0.0,0.0,0.01,0.0
7.36,0.0,-0.02,0.0,0.0,-0.01,0.0,0.0,-0.02,0.0,0.0,0.03,0.0
7.38,0.0,-0.03,0.0,0.0,-0.0,0.0,0.0,0.0,0.0,0.0,0.0,0.0
7.4,0.0,-0.03,0.0,0.0,-0.0,0.0,0.0,0.0,0.0,0.0,0.02,0.0
7.42,0.0,-0.02,0.0,0.0,-0.0,0.0,0.0,0.01,0.0,0.0,0.03,0.0
7.44,0.0,-0.01,0.0,0.0,0.0,0.0,0.0,0.03,0.0,0.0,-0.01,0.0
7.46,0.0,0.01,0.0,0.0,0.01,0.0,0.0,0.01,0.0,0.0,-0.02,0.0
7.48,0.0,0.02,0.0,0.0,0.02,0.0,0.0,-0.0,0.0,0.0,-0.02,0.0
7.5,0.0,-0.01,0.0,0.0,0.03,0.0,0.0,0.02,0.0,0.0,-0.02,0.0
7.52,0.0,-0.01,0.0,0.0,0.02,0.0,0.0,0.02,0.0,0.0,-0.01,0.0
7.54,0.0,-0.01,0.0,0.0,0.0,0.0,0.0,0.02,0.0,0.0,-0.0,0.0
7.56,0.0,0.0,0.0,0.0,-0.01,0.0,0.0,0.04,0.0,0.0,0.02,0.0
7.58,0.0,0.01,0.0,0.0,-0.0,0.0,0.0,0.02,0.0,0.0,0.0,0.0
7.6,0.0,0.0,0.0,0.0,-0.02,0.0,0.0,0.0,0.0,0.0,-0.02,0.0
7.62,0.0,-0.02,0.0,0.0,-0.02,0.0,0.0,0.01,0.0,0.0,-0.01,0.0
7.64,0.0,-0.04,0.0,0.0,0.04,0.0,0.0,-0.01,0.0,0.0,-0.01,0.0
7.66,0.0,-0.02,0.0,0.0,0.03,0.0,0.0,-0.02,0.0,0.0,-0.02,0.0
7.68,0.0,0.01,0.0,0.0,0.01,0.0,0.0,-0.01,0.0,0.0,-0.01,0.0
7.7,0.0,0.01,0.0,0.0,0.01,0.0,0.0,0.0,0.0,0.0,0.01,0.0
7.72,0.0,0.02,0.0,0.0,0.01,0.0,0.0,0.02,0.0,0.0,0.02,0.0
7.74,0.0,0.04,0.0,0.0,0.01,0.0,0.0,0.01,0.0,0.0,-0.0,0.0
7.76,0.0,0.01,0.0,0.0,0.02,0.0,0.0,0.0,0.0,0.0,0.0,0.0
7.78,0.0,0.0,0.0,0.0,-0.0,0.0,0.0,0.01,0.0,0.0,0.01,0.0
7.8,0.0,-0.0,0.0,0.0,-0.02,0.0,0.0,0.02,0.0,0.0,-0.04,0.0
7.82,0.0,-0.03,0.0,0.0,-0.02,0.0,0.0,0.01,0.0,0.0,-0.03,0.0
7.84,0.0,-0.02,0.0,0.0,-0.01,0.0,0.0,-0.0,0.0,0.0,-0.01,0.0
7.86,0.0,0.0,0.0,0.0,0.0,0.0,0.0,-0.0,0.0,0.0,-0.02,0.0
7.88,0.0,0.03,0.0,0.0,-0.0,0.0,0.0,0.0,0.0,0.0,-0.01,0.0
7.9,0.0,0.01,0.0,0.0,-0.0,0.0,0.0,0.0,0.0,0.0,-0.0,0.0
7.92,0.0,-0.03,0.0,0.0,-0.0,0.0,0.0,-0.01,0.0,0.0,-0.01,0.0
7.94,0.0,0.0,0.0,0.0,-0.01,0.0,0.0,-0.0,0.0,0.0,-0.01,0.0
7.96,0.0,0.03,0.0,0.0,-0.02,0.0,0.0,0.0,0.0,0.0,0.0,0.0
7.98,0.0,0.04,0.0,0.0,-0.01,0.0,0.0,-0.0,0.0,0.0,0.01,0.0
8.0,0.0,0.02,0.0,0.0,0.02,0.0,0.0,-0.01,0.0,0.0,0.03,0.0
8.02,0.0,0.0,0.0,0.0,0.02,0.0,0.0,-0.0,0.0,0.0,0.04,0.0
8.04,0.0,-0.0,0.0,0.0,-0.01,0.0,0.0,0.03,0.0,0.0,0.0,0.0
8.06,0.0,0.01,0.0,0.0,-0.04,0.0,0.0,0.0,0.0,0.0,-0.02,0.0
8.08,0.0,-0.0,0.0,0.0,-0.0,0.0,0.0,-0.02,0.0,0.0,-0.02,0.0
8.1,0.0,-0.02,0.0,0.0,0.02,0.0,0.0,-0.02,0.0,0.0,-0.01,0.0
8.12,0.0,-0.01,0.0,0.0,0.01,0.0,0.0,-0.01,0.0,0.0,-0.02,0.0
8.14,0.0,-0.02,0.0,0.0,-0.0,0.0,0.0,0.01,0.0,0.0,-0.03,0.0
8.16,0.0,-0.03,0.0,0.0,-0.0,0.0,0.0,0.04,0.0,0.0,-0.03,0.0
8.18,0.0,-0.01,0.0,0.0,0.02,0.0,0.0,0.03,0.0,0.0,-0.02,0.0
8.2,0.0,-0.01,0.0,0.0,-0.01,0.0,0.0,0.02,0.0,0.0,-0.02,0.0
8.22,0.0,-0.01,0.0,0.0,-0.02,0.0,0.0,0.02,0.0,0.0,0.0,0.0
8.24,0.0,-0.02,0.0,0.0,-0.0,0.0,0.0,0.01,0.0,0.0,0.0,0.0
8.26,0.0,-0.01,0.0,0.0,-0.0,0.0,0.0,-0.01,0.0,0.0,-0.01,0.0
8.28,0.0,0.01,0.0,0.0,-0.0,0.0,0.0,-0.02,0.0,0.0,-0.03,0.0
8.3,0.0,0.03,0.0,0.0,0.02,0.0,0.0,-0.02,0.0,0.0,-0.0,0.0
8.32,0.0,0.02,0.0,0.0,0.02,0.0,0.0,-0.01,0.0,0.0,0.04,0.0
8.34,0.0,0.0,0.0,0.0,0.01,0.0,0.0,-0.01,0.0,0.0,0.03,0.0
8.36,0.0,0.01,0.0,0.0,0.02,0.0,0.0,-0.0,0.0,0.0,0.02,0.0
8.38,0.0,0.0,0.0,0.0,0.01,0.0,0.0,-0.01,0.0,0.0,0.01,0.0
8.4,0.0,-0.01,0.0,0.0,-0.0,0.0,0.0,-0.03,0.0,0.0,-0.0,0.0
8.42,0.0,0.0,0.0,0.0,-0.01,0.0,0.0,-0.01,0.0,0.0,-0.0,0.0
8.44,0.0,0.02,0.0,0.0,-0.01,0.0,0.0,-0.0,0.0,0.0,0.01,0.0
8.46,0.0,0.03,0.0,0.0,0.01,0.0,0.0,-0.01,0.0,0.0,-0.01,0.0
8.48,0.0,0.01,0.0,0.0,0.02,0.0,0.0,-0.0,0.0,0.0,-0.01,0.0
8.5,0.0,-0.02,0.0,0.0,0.02,0.0,0.0,0.0,0.0,0.0,-0.0,0.0
8.52,0.0,-0.04,0.0,0.0,0.02,0.0,0.0,0.0,0.0,0.0,0.01,0.0
8.54,0.0,-0.02,0.0,0.0,0.03,0.0,0.0,0.03,0.0,0.0,-0.01,0.0
8.56,0.0,-0.01,0.0,0.0,0.02,0.0,0.0,0.03,0.0,0.0,-0.03,0.0
8.58,0.0,-0.01,0.0,0.0,0.0,0.0,0.0,0.0,0.0,0.0,-0.02,0.0
8.6,0.0,-0.02,0.0,0.0,0.01,0.0,0.0,-0.01,0.0,0.0,-0.02,0.0
8.62,0.0,-0.02,0.0,0.0,0.01,0.0,0.0,-0.02,0.0,0.0,-0.02,0.0
8.64,0.0,-0.01,0.0,0.0,0.0,0.0,0.0,-0.02,0.0,0.0,-0.0,0.0
8.66,0.0,-0.0,0.0,0.0,-0.0,0.0,0.0,0.0,0.0,0.0,0.0,0.0
8.68,0.0,0.01,0.0,0.0,0.0,0.0,0.0,0.02,0.0,0.0,0.0,0.0
8.7,0.0,0.03,0.0,0.0,0.01,0.0,0.0,0.01,0.0,0.0,0.0,0.0
8.72,0.0,0.02,0.0,0.0,0.01,0.0,0.0,0.01,0.0,0.0,0.01,0.0
8.74,0.0,0.02,0.0,0.0,0.0,0.0,0.0,0.0,0.0,0.0,0.01,0.0
8.76,0.0,0.02,0.0,0.0,-0.0,0.0,0.0,0.01,0.0,0.0,0.01,0.0
8.78,0.0,0.04,0.0,0.0,0.02,0.0,0.0,0.02,0.0,0.0,0.0,0.0
8.8,0.0,0.03,0.0,0.0,0.02,0.0,0.0,0.01,0.0,0.0,-0.01,0.0
8.82,0.0,0.01,0.0,0.0,0.0,0.0,0.0,-0.02,0.0,0.0,-0.0,0.0
8.84,0.0,0.02,0.0,0.0,0.01,0.0,0.0,-0.01,0.0,0.0,0.0,0.0
8.86,0.0,0.01,0.0,0.0,-0.01,0.0,0.0,-0.0,0.0,0.0,-0.01,0.0
8.88,0.0,-0.0,0.0,0.0,-0.03,0.0,0.0,0.0,0.0,0.0,0.01,0.0
8.9,0.0,0.01,0.0,0.0,-0.01,0.0,0.0,0.0,0.0,0.0,0.01,0.0
8.92,0.0,0.01,0.0,0.0,-0.0,0.0,0.0,-0.01,0.0,0.0,-0.01,0.0
8.94,0.0,0.02,0.0,0.0,-0.01,0.0,0.0,-0.03,0.0,0.0,-0.0,0.0
8.96,0.0,-0.01,0.0,0.0,-0.02,0.0,0.0,-0.02,0.0,0.0,0.0,0.0
8.98,0.0,0.0,0.0,0.0,-0.01,0.0,0.0,-0.01,0.0,0.0,-0.0,0.0
